url,chord_id,family,formal_name,symbol,current_title,current_h1,current_description,current_intro,metadata_source,h1_source,upstream_protected,generic_query,generic_volume,piano_query,piano_volume,query_source,query_date,related_piano_queries,intent_fit,issue_type,suggested_title,suggested_h1,suggested_description,suggested_intro,breadcrumb_current,family_card_current,current_theory,current_fingering_reason,suggested_keyboard_h2,suggested_formula_h2,suggested_inversions_h2,suggested_practice_h2,suggested_faq_q,suggested_faq_a,suggested_keyboard_help,suggested_fingering,reason,execution_state,applied,article_case_bug,engineering_fingering_copy,in_seed_72,pdf_exists,sound,fingering_verified
/chords/a-7,a-7,dominant7,A Dominant Seventh,A7,"A7 Chord: Piano Notes, Inversions, Sound & PDF | PianoGrid",A7 Chord,"Learn the A7 chord on piano: A, C♯, E and G. See keyboard diagrams, explore inversions, hear the chord and practice finding its notes.","A7, also called A dominant seventh, contains A, C♯, E and G. Use the piano diagram to find the notes, hear the chord and explore its inversions.",local production HTML + chord-detail-seo-copy.ts,local production HTML h1,false,a7 chord,8100,,,c45756ea-7b7c-4586-a97c-6d2dc1340942.png,2026-09-17,,UNCHECKED,SAME_ENTITY_LABEL_ALIGNMENT|COPY_ARTICLE_CASE|COPY_ENGINEERING_FINGERING,"A7 Chord: Piano Notes, Inversions, Sound & PDF | PianoGrid",A7 Chord,"Learn the A7 chord on piano: A, C♯, E and G. See keyboard diagrams, explore inversions, hear the chord and practice finding its notes.","A7, also called A dominant seventh, contains A, C♯, E and G. Use the piano diagram to find the notes, hear the chord and explore its inversions.",A7 Chord,A7 Chord,A a dominant seventh is a major triad plus a minor seventh.,No independently authorized fingering dataset is provided for N2C.,,,,,,,,"Fingerings are not included on this page. The diagram shows note positions, not a prescribed hand shape.",Same chordId/symbol. Short label A7 Chord applied locally via CHORD_DETAIL_SEO_COPY and editorial mapping. Music name/notes/URL unchanged. Not committed or published. Seed proposed_display_label=A7 Chord.,APPLIED_LOCAL,true,true,true,true,true,true,false
/chords/a-add9,a-add9,add9,A add9,Aadd9,"Aadd9 Piano Chord: Notes, Voicings & Practice | PianoGrid",Aadd9 Piano Chord,"Find Aadd9 notes (A, C♯, E, B), compare two keyboard layouts, hear each one and practise chord tones or an exact voicing.","Aadd9 contains A, C♯, E, B. Use 1–3–5–9 and do not add a seventh.",local production HTML,local production HTML h1,false,aadd9 chord,90,,,9647961e-4ab8-4675-bb14-e10b51c8982c.png,2026-09-17,,UNCHECKED,ALREADY_CLEAR,,,,,A add9,A add9,"Use A, C♯, E, B. The formula is 1–3–5–9. Keep the C♯ third: removing it changes the note collection to a suspended shape. The list above names the chord members. For a specific register, read the octave numbers on the selected example below. Start with A3 – C♯4 – E4 – B4. Then switch to A3 – B3 – C♯4 – E4. The B moves down one octave while the other three notes stay in place. Both examples keep A as the lowest note. This comparison changes spacing, not the bass. It is a pair of reference examples, not a complete inversion catalogue. Here, the higher layout is labelled Aadd9; the inside-the-triad layout is shown with the Aadd2 notation hint. This follows the textbook illustration, not a claim that every player uses the labels identically. Musicca also lists add2 as an alternative add9 label. For an exact arrangement, use the written pitches or score. For a note-identification exercise, separate the chord members from their octaves. This page's complete added-note examples include the third and no seventh. A ninth-chord formula includes a seventh; a sus2 collection omits the third. Compare the note lists, not just the number 9 in a symbol. Read A, C♯, E, B as four chord members. The B is the added member; it is not a finger number or a new key signature. Octave numbers such as C4 locate a register. They are separate from scale degrees and finger numbers. First choose the four note names in Aadd9, in any octave. Next select Match this example and reproduce the specific notes displayed. Correct chord tones in different octaves should receive a spacing hint, not a message that the chord itself is wrong. These browser exercises check your selection on this page, not a performance on an acoustic piano. Fingerings are not supplied; the diagrams are not a prescribed one-hand stretch. The reference brings together the formula, both keyboard layouts and their octave labels. Use it beside your keyboard when comparing the two examples.",,,,,,,,,,Current short or natural name is already clear; not a mechanical Piano-word rewrite.,NO_TDH_CHANGE,false,false,false,false,true,true,false
/chords/a-augmented,a-augmented,augmented,A Augmented,Aaug,A Augmented Piano Chord (Aaug): Notes & Inversions | PianoGrid,A Augmented Piano Chord,"Find the A augmented chord on piano: A, C♯, E♯. See three keyboard positions, sound and a printable reference.","The A Augmented chord contains A, C♯, E♯. Formula: 1–3–♯5.",local production HTML,local production HTML h1,false,a augmented chord,260,,,a60b623a-fe4d-4ce9-b831-ad52fbc1aa2e.png,2026-09-17,,UNCHECKED,ALREADY_CLEAR,,,,,A Augmented,A Augmented,"The a augmented triad uses a root, major third and augmented fifth.",No independent fingering dataset is authorized for N2B.,,,,,,,,,Current short or natural name is already clear; not a mechanical Piano-word rewrite.,NO_TDH_CHANGE,false,false,false,false,true,true,false
/chords/a-diminished,a-diminished,diminished,A Diminished,Adim,A Diminished Piano Chord (Adim): Notes & Inversions | PianoGrid,A Diminished Piano Chord,"Find the A diminished chord on piano: A, C, E♭. See three keyboard positions, sound and a printable reference.","The A Diminished chord contains A, C, E♭. Formula: 1–♭3–♭5.",local production HTML,local production HTML h1,false,a diminished chord,880,,,0d26efa8-bf8c-4209-bd71-cad9933ce78c.png,2026-09-17,,UNCHECKED,ALREADY_CLEAR,,,,,A Diminished,A Diminished,"The a diminished triad uses a root, minor third and diminished fifth.",No independent fingering dataset is authorized for N2B.,,,,,,,,,Current short or natural name is already clear; not a mechanical Piano-word rewrite.,NO_TDH_CHANGE,false,false,false,false,true,true,false
/chords/a-flat-7,a-flat-7,dominant7,A♭ Dominant Seventh,A♭7,"A♭7 Chord: Piano Notes, Inversions, Sound & PDF | PianoGrid",A♭7 Chord,"Learn the A♭7 chord on piano: A♭, C, E♭ and G♭. See keyboard diagrams, explore inversions, hear the chord and practice finding its notes.","A♭7, also called A♭ dominant seventh, contains A♭, C, E♭ and G♭. Use the piano diagram to find the notes, hear the chord and explore its inversions.",local production HTML + chord-detail-seo-copy.ts,local production HTML h1,false,ab7 chord,320,,,b52715f1-e57e-416e-be83-077fcec17be6.png,2026-09-17,,UNCHECKED,SAME_ENTITY_LABEL_ALIGNMENT|COPY_ENGINEERING_FINGERING,"A♭7 Chord: Piano Notes, Inversions, Sound & PDF | PianoGrid",A♭7 Chord,"Learn the A♭7 chord on piano: A♭, C, E♭ and G♭. See keyboard diagrams, explore inversions, hear the chord and practice finding its notes.","A♭7, also called A♭ dominant seventh, contains A♭, C, E♭ and G♭. Use the piano diagram to find the notes, hear the chord and explore its inversions.",A♭7 Chord,A♭7 Chord,A a♭ dominant seventh is a major triad plus a minor seventh.,No independently authorized fingering dataset is provided for N2C.,,,,,,,,"Fingerings are not included on this page. The diagram shows note positions, not a prescribed hand shape.",Same chordId/symbol. Short label A♭7 Chord applied locally via CHORD_DETAIL_SEO_COPY and editorial mapping. Music name/notes/URL unchanged. Not committed or published. Seed proposed_display_label=A♭7 Chord.,APPLIED_LOCAL,true,false,true,true,true,true,false
/chords/a-flat-add9,a-flat-add9,add9,A-flat add9,A♭add9,"A♭add9 Piano Chord: Notes, Voicings & Practice | PianoGrid",A♭add9 Piano Chord,"Find A♭add9 notes (A♭, C, E♭, B♭), compare two keyboard layouts, hear each one and practise chord tones or an exact voicing.","A♭add9 contains A♭, C, E♭, B♭. Use 1–3–5–9 and do not add a seventh.",local production HTML,local production HTML h1,false,abadd9,20,abadd9 piano,20,c558ba69-a4e7-4194-9d7a-dbaf06ecc1e8.png,2026-09-18,,UNCHECKED,ALREADY_CLEAR,,,,,A-flat add9,A-flat add9,"Use A♭, C, E♭, B♭. The formula is 1–3–5–9. Keep the C third: removing it changes the note collection to a suspended shape. The list above names the chord members. For a specific register, read the octave numbers on the selected example below. Start with A♭3 – C4 – E♭4 – B♭4. Then switch to A♭3 – B♭3 – C4 – E♭4. The B♭ moves down one octave while the other three notes stay in place. Both examples keep A♭ as the lowest note. This comparison changes spacing, not the bass. It is a pair of reference examples, not a complete inversion catalogue. Here, the higher layout is labelled A♭add9; the inside-the-triad layout is shown with the A♭add2 notation hint. This follows the textbook illustration, not a claim that every player uses the labels identically. Musicca also lists add2 as an alternative add9 label. For an exact arrangement, use the written pitches or score. For a note-identification exercise, separate the chord members from their octaves. This page's complete added-note examples include the third and no seventh. A ninth-chord formula includes a seventh; a sus2 collection omits the third. Compare the note lists, not just the number 9 in a symbol. Read A♭, C, E♭, B♭ as four chord members. The B♭ is the added member; it is not a finger number or a new key signature. Octave numbers such as C4 locate a register. They are separate from scale degrees and finger numbers. First choose the four note names in A♭add9, in any octave. Next select Match this example and reproduce the specific notes displayed. Correct chord tones in different octaves should receive a spacing hint, not a message that the chord itself is wrong. These browser exercises check your selection on this page, not a performance on an acoustic piano. Fingerings are not supplied; the diagrams are not a prescribed one-hand stretch. The reference brings together the formula, both keyboard layouts and their octave labels. Use it beside your keyboard when comparing the two examples.",,,,,,,,,,Current short or natural name is already clear; not a mechanical Piano-word rewrite.,NO_TDH_CHANGE,false,false,false,false,true,true,false
/chords/a-flat-augmented,a-flat-augmented,augmented,A♭ Augmented,A♭aug,A♭ Augmented Piano Chord (A♭aug): Notes & Inversions | PianoGrid,A♭ Augmented Piano Chord,"Find the a♭ augmented chord on piano: A♭, C, E. See three keyboard positions, sound and a printable reference.","The A♭ Augmented chord contains A♭, C, E. Formula: 1–3–♯5.",local production HTML,local production HTML h1,false,a flat augmented chord,40,abaug piano,20,9647961e-4ab8-4675-bb14-e10b51c8982c.png,2026-09-17,,UNCHECKED,ALREADY_CLEAR,,,,,A♭ Augmented,A♭ Augmented,"The a♭ augmented triad uses a root, major third and augmented fifth.",No independent fingering dataset is authorized for N2B.,,,,,,,,,Current short or natural name is already clear; not a mechanical Piano-word rewrite.,NO_TDH_CHANGE,false,false,false,false,true,true,false
/chords/a-flat-diminished,a-flat-diminished,diminished,A♭ Diminished,A♭dim,A♭ Diminished Piano Chord (A♭dim): Notes & Inversions,A♭ Diminished Piano Chord,"Find the a♭ diminished chord on piano: A♭, C♭, E𝄫. See three keyboard positions, sound and a printable reference.","The A♭ Diminished chord contains A♭, C♭, E𝄫. Formula: 1–♭3–♭5.",local production HTML,local production HTML h1,false,a flat diminished chord,170,,,a60b623a-fe4d-4ce9-b831-ad52fbc1aa2e.png,2026-09-17,,UNCHECKED,ALREADY_CLEAR,,,,,A♭ Diminished,A♭ Diminished,"The a♭ diminished triad uses a root, minor third and diminished fifth.",No independent fingering dataset is authorized for N2B.,,,,,,,,,Current short or natural name is already clear; not a mechanical Piano-word rewrite.,NO_TDH_CHANGE,false,false,false,false,true,true,false
/chords/a-flat-m7,a-flat-m7,minor7,A♭ Minor Seventh,A♭m7,"A♭m7 Chord: Piano Notes, Inversions, Sound & PDF | PianoGrid",A♭m7 Chord,"Learn the A♭m7 chord on piano: A♭, C♭, E♭ and G♭. See keyboard diagrams, explore inversions, hear the chord and practice finding its notes.","A♭m7, also called A♭ minor seventh, contains A♭, C♭, E♭ and G♭. Use the piano diagram to find the notes, hear the chord and explore its inversions.",local production HTML + chord-detail-seo-copy.ts,local production HTML h1,false,abm7 chord,50,abm7 piano,20,6799485e-be24-41c3-98ca-f6ca2f2975a6.png,2026-09-17,,UNCHECKED,SAME_ENTITY_LABEL_ALIGNMENT|COPY_ENGINEERING_FINGERING,"A♭m7 Chord: Piano Notes, Inversions, Sound & PDF | PianoGrid",A♭m7 Chord,"Learn the A♭m7 chord on piano: A♭, C♭, E♭ and G♭. See keyboard diagrams, explore inversions, hear the chord and practice finding its notes.","A♭m7, also called A♭ minor seventh, contains A♭, C♭, E♭ and G♭. Use the piano diagram to find the notes, hear the chord and explore its inversions.",A♭m7 Chord,A♭m7 Chord,A a♭ minor seventh is a minor triad plus a minor seventh.,No independently authorized fingering dataset is provided for N2C.,,,,,,,,"Fingerings are not included on this page. The diagram shows note positions, not a prescribed hand shape.",Same chordId/symbol. Short label A♭m7 Chord applied locally via CHORD_DETAIL_SEO_COPY and editorial mapping. Music name/notes/URL unchanged. Not committed or published. Seed proposed_display_label=A♭m7 Chord.,APPLIED_LOCAL,true,false,true,true,true,true,false
/chords/a-flat-m7-flat5,a-flat-m7-flat5,halfDiminished7,A♭ Half-Diminished Seventh,A♭m7♭5,"A♭ Half-Diminished Chord (A♭m7♭5): Piano Notes, Inversions, Sound & PDF",A♭ Half-Diminished Chord (A♭m7♭5),"Learn the A♭ Half-Diminished Chord (A♭m7♭5) on piano: A♭, C♭, E𝄫 and G♭. See keyboard diagrams, explore inversions and hear the chord.","A♭ Half-Diminished Chord (A♭m7♭5) contains A♭, C♭, E𝄫 and G♭. The compact symbol A♭m7♭5 names the same chord. Use the piano diagram to find the notes, hear the chord and explore its inversions.",local production HTML + chord-detail-seo-copy.ts,local production HTML h1,false,abm7b5 chord,20,,,6799485e-be24-41c3-98ca-f6ca2f2975a6.png,2026-09-17,,UNCHECKED,SAME_ENTITY_LABEL_ALIGNMENT|COPY_ENGINEERING_FINGERING,"A♭ Half-Diminished Chord (A♭m7♭5): Piano Notes, Inversions, Sound & PDF",A♭ Half-Diminished Chord (A♭m7♭5),"Learn the A♭ Half-Diminished Chord (A♭m7♭5) on piano: A♭, C♭, E𝄫 and G♭. See keyboard diagrams, explore inversions and hear the chord.","A♭ Half-Diminished Chord (A♭m7♭5) contains A♭, C♭, E𝄫 and G♭. The compact symbol A♭m7♭5 names the same chord. Use the piano diagram to find the notes, hear the chord and explore its inversions.",A♭ Half-Diminished Chord (A♭m7♭5),A♭ Half-Diminished Chord (A♭m7♭5),A a♭ half-diminished seventh is a diminished triad plus a minor seventh.,No independently authorized fingering dataset is provided for N2C.,,,,,,,,"Fingerings are not included on this page. The diagram shows note positions, not a prescribed hand shape.",Same chordId/symbol. Short label A♭ Half-Diminished Chord (A♭m7♭5) applied locally via CHORD_DETAIL_SEO_COPY and editorial mapping. Music name/notes/URL unchanged. Not committed or published. Seed proposed_display_label=A♭ Half-Diminished Chord (A♭m7♭5).,APPLIED_LOCAL,true,false,true,true,true,true,false
/chords/a-flat-madd9,a-flat-madd9,minorAdd9,A-flat minor add9,A♭m(add9),"A♭m(add9) Piano Chord: Notes, Voicings & Practice | PianoGrid",A♭m(add9) Piano Chord,"Find A♭m(add9) notes (A♭, C♭, E♭, B♭), compare two keyboard layouts, hear each one and practise chord tones or an exact voicing.","A♭m(add9) contains A♭, C♭, E♭, B♭. Use 1–♭3–5–9 and do not add a seventh.",local production HTML,local production HTML h1,false,,,,,,,,UNCHECKED,CONTENT_REVIEW|ALREADY_CLEAR,,,,,A-flat minor add9,A-flat minor add9,"Use A♭, C♭, E♭, B♭. The formula is 1–♭3–5–9. Keep the C♭ third: removing it changes the note collection to a suspended shape. The list above names the chord members. For a specific register, read the octave numbers on the selected example below. Start with A♭3 – C♭4 – E♭4 – B♭4. Then switch to A♭3 – B♭3 – C♭4 – E♭4. The B♭ moves down one octave while the other three notes stay in place. Both examples keep A♭ as the lowest note. This comparison changes spacing, not the bass. It is a pair of reference examples, not a complete inversion catalogue. Here, the higher layout is labelled A♭m(add9); the inside-the-triad layout is shown with the A♭m(add2) notation hint. This follows the textbook illustration, not a claim that every player uses the labels identically. Musicca also lists add2 as an alternative add9 label. For an exact arrangement, use the written pitches or score. For a note-identification exercise, separate the chord members from their octaves. This page's complete added-note examples include the third and no seventh. A ninth-chord formula includes a seventh; a sus2 collection omits the third. Compare the note lists, not just the number 9 in a symbol. This formula needs C♭ (the B key). The displayed letter names follow the degree spelling; the keyboard highlight follows the sounding pitch. Octave numbers such as C4 locate a register. They are separate from scale degrees and finger numbers. First choose the four note names in A♭m(add9), in any octave. Next select Match this example and reproduce the specific notes displayed. Correct chord tones in different octaves should receive a spacing hint, not a message that the chord itself is wrong. These browser exercises check your selection on this page, not a performance on an acoustic piano. Fingerings are not supplied; the diagrams are not a prescribed one-hand stretch. The reference brings together the formula, both keyboard layouts and their octave labels. Use it beside your keyboard when comparing the two examples.",,,,,,,,,,Five no-positive URLs keep current service and copy this round.,HOLD_PRODUCT_REVIEW,false,false,false,false,true,true,false
/chords/a-flat-maj7,a-flat-maj7,major7,A♭ Major Seventh,A♭maj7,"A♭maj7 Chord: Piano Notes, Inversions, Sound & PDF | PianoGrid",A♭maj7 Chord,"Learn the A♭maj7 chord on piano: A♭, C, E♭ and G. See keyboard diagrams, explore inversions, hear the chord and practice finding its notes.","A♭maj7, also called A♭ major seventh, contains A♭, C, E♭ and G. Use the piano diagram to find the notes, hear the chord and explore its inversions.",local production HTML + chord-detail-seo-copy.ts,local production HTML h1,false,abmaj7 chord,140,,,6799485e-be24-41c3-98ca-f6ca2f2975a6.png,2026-09-17,,UNCHECKED,SAME_ENTITY_LABEL_ALIGNMENT|COPY_ENGINEERING_FINGERING,"A♭maj7 Chord: Piano Notes, Inversions, Sound & PDF | PianoGrid",A♭maj7 Chord,"Learn the A♭maj7 chord on piano: A♭, C, E♭ and G. See keyboard diagrams, explore inversions, hear the chord and practice finding its notes.","A♭maj7, also called A♭ major seventh, contains A♭, C, E♭ and G. Use the piano diagram to find the notes, hear the chord and explore its inversions.",A♭maj7 Chord,A♭maj7 Chord,A a♭ major seventh is a major triad plus a major seventh.,No independently authorized fingering dataset is provided for N2C.,,,,,,,,"Fingerings are not included on this page. The diagram shows note positions, not a prescribed hand shape.",Same chordId/symbol. Short label A♭maj7 Chord applied locally via CHORD_DETAIL_SEO_COPY and editorial mapping. Music name/notes/URL unchanged. Not committed or published. Seed proposed_display_label=A♭maj7 Chord.,APPLIED_LOCAL,true,false,true,true,true,true,false
/chords/a-flat-major,a-flat-major,major,A-flat Major Piano Chord (A♭),Ab,"A-flat Major Piano Chord (Ab): Notes, Inversions & PDF",A-flat Major Piano Chord (A♭),"Find the A-flat major piano chord: A-flat, C and E-flat. Compare its inversions, keep the spelling clear and print the keyboard reference.","A-flat major is A-flat, C and E-flat. Its formula is 1–3–5, with C as the major third above A-flat.",local production HTML,local production HTML h1,false,,,,,,,,UNCHECKED,ALREADY_CLEAR,,,,,A-flat Major Piano Chord (A♭),A-flat Major Piano Chord (A♭),,,,,,,,,,,Current short or natural name is already clear; not a mechanical Piano-word rewrite.,NO_TDH_CHANGE,false,false,false,false,true,true,true
/chords/a-flat-sus2,a-flat-sus2,sus2,A♭ Suspended 2nd,A♭sus2,"A♭sus2 Chord: Piano Notes, Inversions, Sound & PDF | PianoGrid",A♭sus2 Chord,"Learn the A♭sus2 chord on piano: A♭, B♭ and E♭. See keyboard diagrams, explore inversions, hear the chord and practice finding its notes.","A♭sus2, also called A♭ suspended second, contains A♭, B♭ and E♭. Use the piano diagram to find the notes, hear the chord and explore its inversions.",local production HTML + chord-detail-seo-copy.ts,local production HTML h1,false,absus2,20,absus2 piano,20,422be5a4-6957-47d4-866f-6dd91e0635f9.png,2026-09-18,,UNCHECKED,SAME_ENTITY_LABEL_ALIGNMENT,"A♭sus2 Chord: Piano Notes, Inversions, Sound & PDF | PianoGrid",A♭sus2 Chord,"Learn the A♭sus2 chord on piano: A♭, B♭ and E♭. See keyboard diagrams, explore inversions, hear the chord and practice finding its notes.","A♭sus2, also called A♭ suspended second, contains A♭, B♭ and E♭. Use the piano diagram to find the notes, hear the chord and explore its inversions.",A♭sus2 Chord,A♭sus2 Chord,The a♭ suspended 2nd chord replaces the third with a major second.,No independent fingering dataset is authorized for N2B.,,,,,,,,,Same chordId/symbol. Short label A♭sus2 Chord applied locally via CHORD_DETAIL_SEO_COPY and editorial mapping. Music name/notes/URL unchanged. Not committed or published. Seed proposed_display_label=A♭sus2 Chord.,APPLIED_LOCAL,true,false,false,true,true,true,false
/chords/a-flat-sus4,a-flat-sus4,sus4,A♭ Suspended 4th,A♭sus4,"A♭sus4 Chord: Piano Notes, Inversions, Sound & PDF | PianoGrid",A♭sus4 Chord,"Learn the A♭sus4 chord on piano: A♭, D♭ and E♭. See keyboard diagrams, explore inversions, hear the chord and practice finding its notes.","A♭sus4, also called A♭ suspended fourth, contains A♭, D♭ and E♭. Use the piano diagram to find the notes, hear the chord and explore its inversions.",local production HTML + chord-detail-seo-copy.ts,local production HTML h1,false,absus4,20,absus4 piano,20,422be5a4-6957-47d4-866f-6dd91e0635f9.png,2026-09-18,,UNCHECKED,SAME_ENTITY_LABEL_ALIGNMENT,"A♭sus4 Chord: Piano Notes, Inversions, Sound & PDF | PianoGrid",A♭sus4 Chord,"Learn the A♭sus4 chord on piano: A♭, D♭ and E♭. See keyboard diagrams, explore inversions, hear the chord and practice finding its notes.","A♭sus4, also called A♭ suspended fourth, contains A♭, D♭ and E♭. Use the piano diagram to find the notes, hear the chord and explore its inversions.",A♭sus4 Chord,A♭sus4 Chord,The a♭ suspended 4th chord replaces the third with a perfect fourth.,No independent fingering dataset is authorized for N2B.,,,,,,,,,Same chordId/symbol. Short label A♭sus4 Chord applied locally via CHORD_DETAIL_SEO_COPY and editorial mapping. Music name/notes/URL unchanged. Not committed or published. Seed proposed_display_label=A♭sus4 Chord.,APPLIED_LOCAL,true,false,false,true,true,true,false
/chords/a-m7,a-m7,minor7,A Minor Seventh,Am7,"Am7 Chord: Piano Notes, Inversions, Sound & PDF | PianoGrid",Am7 Chord,"Learn the Am7 chord on piano: A, C, E and G. See keyboard diagrams, explore inversions, hear the chord and practice finding its notes.","Am7, also called A minor seventh, contains A, C, E and G. Use the piano diagram to find the notes, hear the chord and explore its inversions.",local production HTML + chord-detail-seo-copy.ts,local production HTML h1,false,am7 chord,3600,,,01c176a1-3f22-4499-84e8-03abc737972e.png,2026-09-17,,UNCHECKED,SAME_ENTITY_LABEL_ALIGNMENT|COPY_ARTICLE_CASE|COPY_ENGINEERING_FINGERING,"Am7 Chord: Piano Notes, Inversions, Sound & PDF | PianoGrid",Am7 Chord,"Learn the Am7 chord on piano: A, C, E and G. See keyboard diagrams, explore inversions, hear the chord and practice finding its notes.","Am7, also called A minor seventh, contains A, C, E and G. Use the piano diagram to find the notes, hear the chord and explore its inversions.",Am7 Chord,Am7 Chord,A a minor seventh is a minor triad plus a minor seventh.,No independently authorized fingering dataset is provided for N2C.,,,,,,,,"Fingerings are not included on this page. The diagram shows note positions, not a prescribed hand shape.",Same chordId/symbol. Short label Am7 Chord applied locally via CHORD_DETAIL_SEO_COPY and editorial mapping. Music name/notes/URL unchanged. Not committed or published. Seed proposed_display_label=Am7 Chord.,APPLIED_LOCAL,true,true,true,true,true,true,false
/chords/a-m7-flat5,a-m7-flat5,halfDiminished7,A Half-Diminished Seventh,Am7♭5,"A Half-Diminished Chord (Am7♭5): Piano Notes, Inversions, Sound & PDF",A Half-Diminished Chord (Am7♭5),"Learn the A Half-Diminished Chord (Am7♭5) on piano: A, C, E♭ and G. See keyboard diagrams, explore inversions and hear the chord.","A Half-Diminished Chord (Am7♭5) contains A, C, E♭ and G. The compact symbol Am7♭5 names the same chord. Use the piano diagram to find the notes, hear the chord and explore its inversions.",local production HTML + chord-detail-seo-copy.ts,local production HTML h1,false,a half diminished chord,50,,,83ae1cc2-860b-4772-b640-4d2f8caab6c8.png,2026-09-17,,UNCHECKED,SAME_ENTITY_LABEL_ALIGNMENT|COPY_ENGINEERING_FINGERING,"A Half-Diminished Chord (Am7♭5): Piano Notes, Inversions, Sound & PDF",A Half-Diminished Chord (Am7♭5),"Learn the A Half-Diminished Chord (Am7♭5) on piano: A, C, E♭ and G. See keyboard diagrams, explore inversions and hear the chord.","A Half-Diminished Chord (Am7♭5) contains A, C, E♭ and G. The compact symbol Am7♭5 names the same chord. Use the piano diagram to find the notes, hear the chord and explore its inversions.",A Half-Diminished Chord (Am7♭5),A Half-Diminished Chord (Am7♭5),A a half-diminished seventh is a diminished triad plus a minor seventh.,No independently authorized fingering dataset is provided for N2C.,,,,,,,,"Fingerings are not included on this page. The diagram shows note positions, not a prescribed hand shape.",Same chordId/symbol. Short label A Half-Diminished Chord (Am7♭5) applied locally via CHORD_DETAIL_SEO_COPY and editorial mapping. Music name/notes/URL unchanged. Not committed or published. Seed proposed_display_label=A Half-Diminished Chord (Am7♭5).,APPLIED_LOCAL,true,false,true,true,true,true,false
/chords/a-madd9,a-madd9,minorAdd9,A minor add9,Am(add9),"Am(add9) Piano Chord: Notes, Voicings & Practice | PianoGrid",Am(add9) Piano Chord,"Find Am(add9) notes (A, C, E, B), compare two keyboard layouts, hear each one and practise chord tones or an exact voicing.","Am(add9) contains A, C, E, B. Use 1–♭3–5–9 and do not add a seventh.",local production HTML,local production HTML h1,false,amadd9 chord,10,am(add9) piano,20,7dfad5a6-183f-471c-8402-b0b4cef71285.png,2026-09-17,,UNCHECKED,ALREADY_CLEAR,,,,,A minor add9,A minor add9,"Use A, C, E, B. The formula is 1–♭3–5–9. Keep the C third: removing it changes the note collection to a suspended shape. The list above names the chord members. For a specific register, read the octave numbers on the selected example below. Start with A3 – C4 – E4 – B4. Then switch to A3 – B3 – C4 – E4. The B moves down one octave while the other three notes stay in place. Both examples keep A as the lowest note. This comparison changes spacing, not the bass. It is a pair of reference examples, not a complete inversion catalogue. Here, the higher layout is labelled Am(add9); the inside-the-triad layout is shown with the Am(add2) notation hint. This follows the textbook illustration, not a claim that every player uses the labels identically. Musicca also lists add2 as an alternative add9 label. For an exact arrangement, use the written pitches or score. For a note-identification exercise, separate the chord members from their octaves. This page's complete added-note examples include the third and no seventh. A ninth-chord formula includes a seventh; a sus2 collection omits the third. Compare the note lists, not just the number 9 in a symbol. Read A, C, E, B as four chord members. The B is the added member; it is not a finger number or a new key signature. Octave numbers such as C4 locate a register. They are separate from scale degrees and finger numbers. First choose the four note names in Am(add9), in any octave. Next select Match this example and reproduce the specific notes displayed. Correct chord tones in different octaves should receive a spacing hint, not a message that the chord itself is wrong. These browser exercises check your selection on this page, not a performance on an acoustic piano. Fingerings are not supplied; the diagrams are not a prescribed one-hand stretch. The reference brings together the formula, both keyboard layouts and their octave labels. Use it beside your keyboard when comparing the two examples.",,,,,,,,,,Current short or natural name is already clear; not a mechanical Piano-word rewrite.,NO_TDH_CHANGE,false,false,false,false,true,true,false
/chords/a-maj7,a-maj7,major7,A Major Seventh,Amaj7,"Amaj7 Chord: Piano Notes, Inversions, Sound & PDF | PianoGrid",Amaj7 Chord,"Learn the Amaj7 chord on piano: A, C♯, E and G♯. See keyboard diagrams, explore inversions, hear the chord and practice finding its notes.","Amaj7, also called A major seventh, contains A, C♯, E and G♯. Use the piano diagram to find the notes, hear the chord and explore its inversions.",local production HTML + chord-detail-seo-copy.ts,local production HTML h1,false,amaj7 chord,480,,,b52715f1-e57e-416e-be83-077fcec17be6.png,2026-09-17,,UNCHECKED,SAME_ENTITY_LABEL_ALIGNMENT|COPY_ARTICLE_CASE|COPY_ENGINEERING_FINGERING,"Amaj7 Chord: Piano Notes, Inversions, Sound & PDF | PianoGrid",Amaj7 Chord,"Learn the Amaj7 chord on piano: A, C♯, E and G♯. See keyboard diagrams, explore inversions, hear the chord and practice finding its notes.","Amaj7, also called A major seventh, contains A, C♯, E and G♯. Use the piano diagram to find the notes, hear the chord and explore its inversions.",Amaj7 Chord,Amaj7 Chord,A a major seventh is a major triad plus a major seventh.,No independently authorized fingering dataset is provided for N2C.,,,,,,,,"Fingerings are not included on this page. The diagram shows note positions, not a prescribed hand shape.",Same chordId/symbol. Short label Amaj7 Chord applied locally via CHORD_DETAIL_SEO_COPY and editorial mapping. Music name/notes/URL unchanged. Not committed or published. Seed proposed_display_label=Amaj7 Chord.,APPLIED_LOCAL,true,true,true,true,true,true,false
/chords/a-major,a-major,major,A major Piano Chord,A,"A Major Piano Chord: Notes, Inversions & Keyboard Diagrams",A Major Piano Chord,"Find the A major piano chord notes A, C-sharp and E. Compare root position and two inversions with keyboard diagrams, sound examples and a printable reference.",A major contains A–C#–E. The intervals from the root are a major third and a perfect fifth.,local production HTML,local production HTML h1,false,,,,,,,,UNCHECKED,ALREADY_CLEAR,,,,,A major Piano Chord,A major Piano Chord,,,,,,,,,,,Current short or natural name is already clear; not a mechanical Piano-word rewrite.,NO_TDH_CHANGE,false,false,false,false,true,true,true
/chords/a-minor,a-minor,minor,A Minor,Am,"A Minor Piano Chord (Am): Notes, Inversions & PDF | PianoGrid",A Minor Piano Chord (Am),"Find the A minor chord on piano: A, C, and E. Compare root position, Am/C, and Am/E with keyboard diagrams, sound examples, and a printable PDF.","The A minor chord, written Am, contains A, C, and E.",local production HTML,local production HTML h1,false,,,,,,,,UNCHECKED,ALREADY_CLEAR,,,,,A Minor,A Minor,,,,,,,,,,,Current short or natural name is already clear; not a mechanical Piano-word rewrite.,NO_TDH_CHANGE,false,false,false,false,false,true,true
/chords/a-sus2,a-sus2,sus2,A Suspended 2nd,Asus2,"Asus2 Chord: Piano Notes, Inversions, Sound & PDF | PianoGrid",Asus2 Chord,"Learn the Asus2 chord on piano: A, B and E. See keyboard diagrams, explore inversions, hear the chord and practice finding its notes.","Asus2, also called A suspended second, contains A, B and E. Use the piano diagram to find the notes, hear the chord and explore its inversions.",local production HTML + chord-detail-seo-copy.ts,local production HTML h1,false,asus2 chord,720,asus2 piano,320,0d26efa8-bf8c-4209-bd71-cad9933ce78c.png,2026-09-17,,UNCHECKED,SAME_ENTITY_LABEL_ALIGNMENT,"Asus2 Chord: Piano Notes, Inversions, Sound & PDF | PianoGrid",Asus2 Chord,"Learn the Asus2 chord on piano: A, B and E. See keyboard diagrams, explore inversions, hear the chord and practice finding its notes.","Asus2, also called A suspended second, contains A, B and E. Use the piano diagram to find the notes, hear the chord and explore its inversions.",Asus2 Chord,Asus2 Chord,The a suspended 2nd chord replaces the third with a major second.,No independent fingering dataset is authorized for N2B.,,,,,,,,,Same chordId/symbol. Short label Asus2 Chord applied locally via CHORD_DETAIL_SEO_COPY and editorial mapping. Music name/notes/URL unchanged. Not committed or published. Seed proposed_display_label=Asus2 Chord.,APPLIED_LOCAL,true,false,false,true,true,true,false
/chords/a-sus4,a-sus4,sus4,A Suspended 4th,Asus4,"Asus4 Chord: Piano Notes, Inversions, Sound & PDF | PianoGrid",Asus4 Chord,"Learn the Asus4 chord on piano: A, D and E. See keyboard diagrams, explore inversions, hear the chord and practice finding its notes.","Asus4, also called A suspended fourth, contains A, D and E. Use the piano diagram to find the notes, hear the chord and explore its inversions.",local production HTML + chord-detail-seo-copy.ts,local production HTML h1,false,asus4 chord,590,asus4 piano,260,0d26efa8-bf8c-4209-bd71-cad9933ce78c.png,2026-09-17,,UNCHECKED,SAME_ENTITY_LABEL_ALIGNMENT,"Asus4 Chord: Piano Notes, Inversions, Sound & PDF | PianoGrid",Asus4 Chord,"Learn the Asus4 chord on piano: A, D and E. See keyboard diagrams, explore inversions, hear the chord and practice finding its notes.","Asus4, also called A suspended fourth, contains A, D and E. Use the piano diagram to find the notes, hear the chord and explore its inversions.",Asus4 Chord,Asus4 Chord,The a suspended 4th chord replaces the third with a perfect fourth.,No independent fingering dataset is authorized for N2B.,,,,,,,,,Same chordId/symbol. Short label Asus4 Chord applied locally via CHORD_DETAIL_SEO_COPY and editorial mapping. Music name/notes/URL unchanged. Not committed or published. Seed proposed_display_label=Asus4 Chord.,APPLIED_LOCAL,true,false,false,true,true,true,false
/chords/b-7,b-7,dominant7,B Dominant Seventh,B7,"B7 Chord: Piano Notes, Inversions & Sound | PianoGrid",B7 Chord,"Learn the B7 chord on piano: B, D♯, F♯ and A. See keyboard diagrams, explore all three inversions, hear the chord and practice finding its notes.","B7, also called B dominant seventh, contains B, D♯, F♯ and A. Use the piano diagram to find the notes, hear the chord and explore its three inversions.",local production HTML + chord-detail-seo-copy.ts,local production HTML h1,false,b7 chord,9900,b7 chord piano,1300,c39ac412-1136-4fe2-a36f-3220b0047b50.png,2026-09-19,b7 piano=590@2026-09-18; b7 chord in piano=1600@2026-09-19,UNCHECKED,SAME_ENTITY_LABEL_ALIGNMENT|COPY_ARTICLE_CASE|COPY_ENGINEERING_FINGERING,"B7 Chord: Piano Notes, Inversions & Sound | PianoGrid",B7 Chord,"Learn the B7 chord on piano: B, D♯, F♯ and A. See keyboard diagrams, explore all three inversions, hear the chord and practice finding its notes.","B7, also called B dominant seventh, contains B, D♯, F♯ and A. Use the piano diagram to find the notes, hear the chord and explore its three inversions.",B7 Chord,B7 Chord,A b dominant seventh is a major triad plus a minor seventh.,No independently authorized fingering dataset is provided for N2C.,B7 piano notes and keyboard diagram,How is the B7 chord built?,B7 inversions,Build B7 on the keyboard,What is a B7 chord?,"B7 is a B dominant seventh chord, made up of B, D♯, F♯ and A.","For root position, play B, D♯, F♯ and A from low to high. Switch positions to compare inversions, or play the notes one at a time.","Fingerings are not included on this page. The diagram shows note positions, not a prescribed hand shape.",Same chordId/symbol. Short label B7 Chord applied locally via CHORD_DETAIL_SEO_COPY and editorial mapping. Music name/notes/URL unchanged. Not committed or published. Seed proposed_display_label=B7 Chord.,APPLIED_LOCAL,true,true,true,true,true,true,false
/chords/b-add9,b-add9,add9,B add9,Badd9,"Badd9 Piano Chord: Notes, Voicings & Practice | PianoGrid",Badd9 Piano Chord,"Find Badd9 notes (B, D♯, F♯, C♯), compare two keyboard layouts, hear each one and practise chord tones or an exact voicing.","Badd9 contains B, D♯, F♯, C♯. Use 1–3–5–9 and do not add a seventh.",local production HTML,local production HTML h1,false,b add9 chord,20,badd9 piano,20,83ae1cc2-860b-4772-b640-4d2f8caab6c8.png,2026-09-17,,UNCHECKED,ALREADY_CLEAR,,,,,B add9,B add9,"Use B, D♯, F♯, C♯. The formula is 1–3–5–9. Keep the D♯ third: removing it changes the note collection to a suspended shape. The list above names the chord members. For a specific register, read the octave numbers on the selected example below. Start with B3 – D♯4 – F♯4 – C♯5. Then switch to B3 – C♯4 – D♯4 – F♯4. The C♯ moves down one octave while the other three notes stay in place. Both examples keep B as the lowest note. This comparison changes spacing, not the bass. It is a pair of reference examples, not a complete inversion catalogue. Here, the higher layout is labelled Badd9; the inside-the-triad layout is shown with the Badd2 notation hint. This follows the textbook illustration, not a claim that every player uses the labels identically. Musicca also lists add2 as an alternative add9 label. For an exact arrangement, use the written pitches or score. For a note-identification exercise, separate the chord members from their octaves. This page's complete added-note examples include the third and no seventh. A ninth-chord formula includes a seventh; a sus2 collection omits the third. Compare the note lists, not just the number 9 in a symbol. Read B, D♯, F♯, C♯ as four chord members. The C♯ is the added member; it is not a finger number or a new key signature. Octave numbers such as C4 locate a register. They are separate from scale degrees and finger numbers. First choose the four note names in Badd9, in any octave. Next select Match this example and reproduce the specific notes displayed. Correct chord tones in different octaves should receive a spacing hint, not a message that the chord itself is wrong. These browser exercises check your selection on this page, not a performance on an acoustic piano. Fingerings are not supplied; the diagrams are not a prescribed one-hand stretch. The reference brings together the formula, both keyboard layouts and their octave labels. Use it beside your keyboard when comparing the two examples.",,,,,,,,,,Current short or natural name is already clear; not a mechanical Piano-word rewrite.,NO_TDH_CHANGE,false,false,false,false,true,true,false
/chords/b-augmented,b-augmented,augmented,B Augmented,Baug,B Augmented Piano Chord (Baug): Notes & Inversions | PianoGrid,B Augmented Piano Chord,"Find the B augmented chord on piano: B, D♯, F𝄪. See three keyboard positions, sound and a printable reference.","The B Augmented chord contains B, D♯, F𝄪. Formula: 1–3–♯5.",local production HTML,local production HTML h1,false,b augmented chord,210,,,a60b623a-fe4d-4ce9-b831-ad52fbc1aa2e.png,2026-09-17,,UNCHECKED,ALREADY_CLEAR,,,,,B Augmented,B Augmented,"The b augmented triad uses a root, major third and augmented fifth.",No independent fingering dataset is authorized for N2B.,,,,,,,,,Current short or natural name is already clear; not a mechanical Piano-word rewrite.,NO_TDH_CHANGE,false,false,false,false,true,true,false
/chords/b-diminished,b-diminished,diminished,B Diminished,Bdim,B Diminished Piano Chord (Bdim): Notes & Inversions | PianoGrid,B Diminished Piano Chord,"Find the B diminished chord on piano: B, D, F. See three keyboard positions, sound and a printable reference.","The B Diminished chord contains B, D, F. Formula: 1–♭3–♭5.",local production HTML,local production HTML h1,false,b diminished chord,1900,bdim piano,110,84b938e9-649a-4ad3-91b1-cb2c43d8cb25.png,2026-09-18,,UNCHECKED,ALREADY_CLEAR,,,,,B Diminished,B Diminished,"The b diminished triad uses a root, minor third and diminished fifth.",No independent fingering dataset is authorized for N2B.,,,,,,,,,Current short or natural name is already clear; not a mechanical Piano-word rewrite.,NO_TDH_CHANGE,false,false,false,false,true,true,false
/chords/b-flat-7,b-flat-7,dominant7,B♭ Dominant Seventh,B♭7,"B♭7 Chord: Piano Notes, Inversions, Sound & PDF | PianoGrid",B♭7 Chord,"Learn the B♭7 chord on piano: B♭, D, F and A♭. See keyboard diagrams, explore inversions, hear the chord and practice finding its notes.","B♭7, also called B♭ dominant seventh, contains B♭, D, F and A♭. Use the piano diagram to find the notes, hear the chord and explore its inversions.",local production HTML + chord-detail-seo-copy.ts,local production HTML h1,false,bb7 chord,590,,,b52715f1-e57e-416e-be83-077fcec17be6.png,2026-09-17,,UNCHECKED,SAME_ENTITY_LABEL_ALIGNMENT|COPY_ENGINEERING_FINGERING,"B♭7 Chord: Piano Notes, Inversions, Sound & PDF | PianoGrid",B♭7 Chord,"Learn the B♭7 chord on piano: B♭, D, F and A♭. See keyboard diagrams, explore inversions, hear the chord and practice finding its notes.","B♭7, also called B♭ dominant seventh, contains B♭, D, F and A♭. Use the piano diagram to find the notes, hear the chord and explore its inversions.",B♭7 Chord,B♭7 Chord,A b♭ dominant seventh is a major triad plus a minor seventh.,No independently authorized fingering dataset is provided for N2C.,,,,,,,,"Fingerings are not included on this page. The diagram shows note positions, not a prescribed hand shape.",Same chordId/symbol. Short label B♭7 Chord applied locally via CHORD_DETAIL_SEO_COPY and editorial mapping. Music name/notes/URL unchanged. Not committed or published. Seed proposed_display_label=B♭7 Chord.,APPLIED_LOCAL,true,false,true,true,true,true,false
/chords/b-flat-add9,b-flat-add9,add9,B-flat add9,B♭add9,"B♭add9 Piano Chord: Notes, Voicings & Practice | PianoGrid",B♭add9 Piano Chord,"Find B♭add9 notes (B♭, D, F, C), compare two keyboard layouts, hear each one and practise chord tones or an exact voicing.","B♭add9 contains B♭, D, F, C. Use 1–3–5–9 and do not add a seventh.",local production HTML,local production HTML h1,false,bbadd9 chord,20,bbadd9 piano,20,c884c0fa-0b7d-448d-8b50-40f1d4bcb882.png,2026-09-17,,UNCHECKED,ALREADY_CLEAR,,,,,B-flat add9,B-flat add9,"Use B♭, D, F, C. The formula is 1–3–5–9. Keep the D third: removing it changes the note collection to a suspended shape. The list above names the chord members. For a specific register, read the octave numbers on the selected example below. Start with B♭3 – D4 – F4 – C5. Then switch to B♭3 – C4 – D4 – F4. The C moves down one octave while the other three notes stay in place. Both examples keep B♭ as the lowest note. This comparison changes spacing, not the bass. It is a pair of reference examples, not a complete inversion catalogue. Here, the higher layout is labelled B♭add9; the inside-the-triad layout is shown with the B♭add2 notation hint. This follows the textbook illustration, not a claim that every player uses the labels identically. Musicca also lists add2 as an alternative add9 label. For an exact arrangement, use the written pitches or score. For a note-identification exercise, separate the chord members from their octaves. This page's complete added-note examples include the third and no seventh. A ninth-chord formula includes a seventh; a sus2 collection omits the third. Compare the note lists, not just the number 9 in a symbol. Read B♭, D, F, C as four chord members. The C is the added member; it is not a finger number or a new key signature. Octave numbers such as C4 locate a register. They are separate from scale degrees and finger numbers. First choose the four note names in B♭add9, in any octave. Next select Match this example and reproduce the specific notes displayed. Correct chord tones in different octaves should receive a spacing hint, not a message that the chord itself is wrong. These browser exercises check your selection on this page, not a performance on an acoustic piano. Fingerings are not supplied; the diagrams are not a prescribed one-hand stretch. The reference brings together the formula, both keyboard layouts and their octave labels. Use it beside your keyboard when comparing the two examples.",,,,,,,,,,Current short or natural name is already clear; not a mechanical Piano-word rewrite.,NO_TDH_CHANGE,false,false,false,false,true,true,false
/chords/b-flat-augmented,b-flat-augmented,augmented,B♭ Augmented,B♭aug,B♭ Augmented Piano Chord (B♭aug): Notes & Inversions | PianoGrid,B♭ Augmented Piano Chord,"Find the b♭ augmented chord on piano: B♭, D, F♯. See three keyboard positions, sound and a printable reference.","The B♭ Augmented chord contains B♭, D, F♯. Formula: 1–3–♯5.",local production HTML,local production HTML h1,false,b flat augmented chord,90,bbaug piano,20,9647961e-4ab8-4675-bb14-e10b51c8982c.png,2026-09-17,,UNCHECKED,ALREADY_CLEAR,,,,,B♭ Augmented,B♭ Augmented,"The b♭ augmented triad uses a root, major third and augmented fifth.",No independent fingering dataset is authorized for N2B.,,,,,,,,,Current short or natural name is already clear; not a mechanical Piano-word rewrite.,NO_TDH_CHANGE,false,false,false,false,true,true,false
/chords/b-flat-diminished,b-flat-diminished,diminished,B♭ Diminished,B♭dim,B♭ Diminished Piano Chord (B♭dim): Notes & Inversions,B♭ Diminished Piano Chord,"Find the b♭ diminished chord on piano: B♭, D♭, F♭. See three keyboard positions, sound and a printable reference.","The B♭ Diminished chord contains B♭, D♭, F♭. Formula: 1–♭3–♭5.",local production HTML,local production HTML h1,false,b flat diminished chord,480,,,0d26efa8-bf8c-4209-bd71-cad9933ce78c.png,2026-09-17,,UNCHECKED,ALREADY_CLEAR,,,,,B♭ Diminished,B♭ Diminished,"The b♭ diminished triad uses a root, minor third and diminished fifth.",No independent fingering dataset is authorized for N2B.,,,,,,,,,Current short or natural name is already clear; not a mechanical Piano-word rewrite.,NO_TDH_CHANGE,false,false,false,false,true,true,false
/chords/b-flat-m7,b-flat-m7,minor7,B♭ Minor Seventh,B♭m7,"B♭m7 Chord: Piano Notes, Inversions, Sound & PDF | PianoGrid",B♭m7 Chord,"Learn the B♭m7 chord on piano: B♭, D♭, F and A♭. See keyboard diagrams, explore inversions, hear the chord and practice finding its notes.","B♭m7, also called B♭ minor seventh, contains B♭, D♭, F and A♭. Use the piano diagram to find the notes, hear the chord and explore its inversions.",local production HTML + chord-detail-seo-copy.ts,local production HTML h1,false,bbm7 chord,140,,,6799485e-be24-41c3-98ca-f6ca2f2975a6.png,2026-09-17,,UNCHECKED,SAME_ENTITY_LABEL_ALIGNMENT|COPY_ENGINEERING_FINGERING,"B♭m7 Chord: Piano Notes, Inversions, Sound & PDF | PianoGrid",B♭m7 Chord,"Learn the B♭m7 chord on piano: B♭, D♭, F and A♭. See keyboard diagrams, explore inversions, hear the chord and practice finding its notes.","B♭m7, also called B♭ minor seventh, contains B♭, D♭, F and A♭. Use the piano diagram to find the notes, hear the chord and explore its inversions.",B♭m7 Chord,B♭m7 Chord,A b♭ minor seventh is a minor triad plus a minor seventh.,No independently authorized fingering dataset is provided for N2C.,,,,,,,,"Fingerings are not included on this page. The diagram shows note positions, not a prescribed hand shape.",Same chordId/symbol. Short label B♭m7 Chord applied locally via CHORD_DETAIL_SEO_COPY and editorial mapping. Music name/notes/URL unchanged. Not committed or published. Seed proposed_display_label=B♭m7 Chord.,APPLIED_LOCAL,true,false,true,true,true,true,false
/chords/b-flat-m7-flat5,b-flat-m7-flat5,halfDiminished7,B♭ Half-Diminished Seventh,B♭m7♭5,"B♭ Half-Diminished Chord (B♭m7♭5): Piano Notes, Inversions, Sound & PDF",B♭ Half-Diminished Chord (B♭m7♭5),"Learn the B♭ Half-Diminished Chord (B♭m7♭5) on piano: B♭, D♭, F♭ and A♭. See keyboard diagrams, explore inversions and hear the chord.","B♭ Half-Diminished Chord (B♭m7♭5) contains B♭, D♭, F♭ and A♭. The compact symbol B♭m7♭5 names the same chord. Use the piano diagram to find the notes, hear the chord and explore its inversions.",local production HTML + chord-detail-seo-copy.ts,local production HTML h1,false,b flat half diminished chord,20,,,83ae1cc2-860b-4772-b640-4d2f8caab6c8.png,2026-09-17,,UNCHECKED,SAME_ENTITY_LABEL_ALIGNMENT|COPY_ENGINEERING_FINGERING,"B♭ Half-Diminished Chord (B♭m7♭5): Piano Notes, Inversions, Sound & PDF",B♭ Half-Diminished Chord (B♭m7♭5),"Learn the B♭ Half-Diminished Chord (B♭m7♭5) on piano: B♭, D♭, F♭ and A♭. See keyboard diagrams, explore inversions and hear the chord.","B♭ Half-Diminished Chord (B♭m7♭5) contains B♭, D♭, F♭ and A♭. The compact symbol B♭m7♭5 names the same chord. Use the piano diagram to find the notes, hear the chord and explore its inversions.",B♭ Half-Diminished Chord (B♭m7♭5),B♭ Half-Diminished Chord (B♭m7♭5),A b♭ half-diminished seventh is a diminished triad plus a minor seventh.,No independently authorized fingering dataset is provided for N2C.,,,,,,,,"Fingerings are not included on this page. The diagram shows note positions, not a prescribed hand shape.",Same chordId/symbol. Short label B♭ Half-Diminished Chord (B♭m7♭5) applied locally via CHORD_DETAIL_SEO_COPY and editorial mapping. Music name/notes/URL unchanged. Not committed or published. Seed proposed_display_label=B♭ Half-Diminished Chord (B♭m7♭5).,APPLIED_LOCAL,true,false,true,true,true,true,false
/chords/b-flat-madd9,b-flat-madd9,minorAdd9,B-flat minor add9,B♭m(add9),"B♭m(add9) Piano Chord: Notes, Voicings & Practice | PianoGrid",B♭m(add9) Piano Chord,"Find B♭m(add9) notes (B♭, D♭, F, C), compare two keyboard layouts, hear each one and practise chord tones or an exact voicing.","B♭m(add9) contains B♭, D♭, F, C. Use 1–♭3–5–9 and do not add a seventh.",local production HTML,local production HTML h1,false,,,,,,,,UNCHECKED,CONTENT_REVIEW|ALREADY_CLEAR,,,,,B-flat minor add9,B-flat minor add9,"Use B♭, D♭, F, C. The formula is 1–♭3–5–9. Keep the D♭ third: removing it changes the note collection to a suspended shape. The list above names the chord members. For a specific register, read the octave numbers on the selected example below. Start with B♭3 – D♭4 – F4 – C5. Then switch to B♭3 – C4 – D♭4 – F4. The C moves down one octave while the other three notes stay in place. Both examples keep B♭ as the lowest note. This comparison changes spacing, not the bass. It is a pair of reference examples, not a complete inversion catalogue. Here, the higher layout is labelled B♭m(add9); the inside-the-triad layout is shown with the B♭m(add2) notation hint. This follows the textbook illustration, not a claim that every player uses the labels identically. Musicca also lists add2 as an alternative add9 label. For an exact arrangement, use the written pitches or score. For a note-identification exercise, separate the chord members from their octaves. This page's complete added-note examples include the third and no seventh. A ninth-chord formula includes a seventh; a sus2 collection omits the third. Compare the note lists, not just the number 9 in a symbol. Read B♭, D♭, F, C as four chord members. The C is the added member; it is not a finger number or a new key signature. Octave numbers such as C4 locate a register. They are separate from scale degrees and finger numbers. First choose the four note names in B♭m(add9), in any octave. Next select Match this example and reproduce the specific notes displayed. Correct chord tones in different octaves should receive a spacing hint, not a message that the chord itself is wrong. These browser exercises check your selection on this page, not a performance on an acoustic piano. Fingerings are not supplied; the diagrams are not a prescribed one-hand stretch. The reference brings together the formula, both keyboard layouts and their octave labels. Use it beside your keyboard when comparing the two examples.",,,,,,,,,,Five no-positive URLs keep current service and copy this round.,HOLD_PRODUCT_REVIEW,false,false,false,false,true,true,false
/chords/b-flat-maj7,b-flat-maj7,major7,B♭ Major Seventh,B♭maj7,"B♭maj7 Chord: Piano Notes, Inversions, Sound & PDF | PianoGrid",B♭maj7 Chord,"Learn the B♭maj7 chord on piano: B♭, D, F and A. See keyboard diagrams, explore inversions, hear the chord and practice finding its notes.","B♭maj7, also called B♭ major seventh, contains B♭, D, F and A. Use the piano diagram to find the notes, hear the chord and explore its inversions.",local production HTML + chord-detail-seo-copy.ts,local production HTML h1,false,bbmaj7 chord,170,,,6799485e-be24-41c3-98ca-f6ca2f2975a6.png,2026-09-17,,UNCHECKED,SAME_ENTITY_LABEL_ALIGNMENT|COPY_ENGINEERING_FINGERING,"B♭maj7 Chord: Piano Notes, Inversions, Sound & PDF | PianoGrid",B♭maj7 Chord,"Learn the B♭maj7 chord on piano: B♭, D, F and A. See keyboard diagrams, explore inversions, hear the chord and practice finding its notes.","B♭maj7, also called B♭ major seventh, contains B♭, D, F and A. Use the piano diagram to find the notes, hear the chord and explore its inversions.",B♭maj7 Chord,B♭maj7 Chord,A b♭ major seventh is a major triad plus a major seventh.,No independently authorized fingering dataset is provided for N2C.,,,,,,,,"Fingerings are not included on this page. The diagram shows note positions, not a prescribed hand shape.",Same chordId/symbol. Short label B♭maj7 Chord applied locally via CHORD_DETAIL_SEO_COPY and editorial mapping. Music name/notes/URL unchanged. Not committed or published. Seed proposed_display_label=B♭maj7 Chord.,APPLIED_LOCAL,true,false,true,true,true,true,false
/chords/b-flat-major,b-flat-major,major,B-flat Major,B♭,"B-flat Major Piano Chord (B♭): Notes, Inversions & PDF",B-flat Major Piano Chord,"Find the b-flat major chord on piano: B♭, D, F. See keyboard positions, compare three inversions, hear the notes and print a reference.","The B-flat Major chord contains B♭, D, F. Its formula is 1–3–5.",local production HTML,local production HTML h1,false,b flat major chord,1900,,,01c176a1-3f22-4499-84e8-03abc737972e.png,2026-09-17,,UNCHECKED,ALREADY_CLEAR,,,,,B-flat Major,B-flat Major,,,,,,,,,,,Current short or natural name is already clear; not a mechanical Piano-word rewrite.,NO_TDH_CHANGE,false,false,false,false,true,true,false
/chords/b-flat-minor,b-flat-minor,minor,B-flat Minor,B♭m,"B-flat Minor Piano Chord (B♭m): Notes, Inversions & PDF",B-flat Minor Piano Chord,"Find the b-flat minor chord on piano: B♭, D♭, F. See keyboard positions, compare three inversions, hear the notes and print a reference.","The B-flat Minor chord contains B♭, D♭, F. Its formula is 1–♭3–5.",local production HTML,local production HTML h1,false,b flat minor chord,1000,,,01c176a1-3f22-4499-84e8-03abc737972e.png,2026-09-17,,UNCHECKED,ALREADY_CLEAR,,,,,B-flat Minor,B-flat Minor,,,,,,,,,,,Current short or natural name is already clear; not a mechanical Piano-word rewrite.,NO_TDH_CHANGE,false,false,false,false,true,true,false
/chords/b-flat-sus2,b-flat-sus2,sus2,B♭ Suspended 2nd,B♭sus2,"B♭sus2 Chord: Piano Notes, Inversions, Sound & PDF | PianoGrid",B♭sus2 Chord,"Learn the B♭sus2 chord on piano: B♭, C and F. See keyboard diagrams, explore inversions, hear the chord and practice finding its notes.","B♭sus2, also called B♭ suspended second, contains B♭, C and F. Use the piano diagram to find the notes, hear the chord and explore its inversions.",local production HTML + chord-detail-seo-copy.ts,local production HTML h1,false,b flat sus2 chord,20,bbsus2 piano,20,83ae1cc2-860b-4772-b640-4d2f8caab6c8.png,2026-09-17,,UNCHECKED,SAME_ENTITY_LABEL_ALIGNMENT,"B♭sus2 Chord: Piano Notes, Inversions, Sound & PDF | PianoGrid",B♭sus2 Chord,"Learn the B♭sus2 chord on piano: B♭, C and F. See keyboard diagrams, explore inversions, hear the chord and practice finding its notes.","B♭sus2, also called B♭ suspended second, contains B♭, C and F. Use the piano diagram to find the notes, hear the chord and explore its inversions.",B♭sus2 Chord,B♭sus2 Chord,The b♭ suspended 2nd chord replaces the third with a major second.,No independent fingering dataset is authorized for N2B.,,,,,,,,,Same chordId/symbol. Short label B♭sus2 Chord applied locally via CHORD_DETAIL_SEO_COPY and editorial mapping. Music name/notes/URL unchanged. Not committed or published. Seed proposed_display_label=B♭sus2 Chord.,APPLIED_LOCAL,true,false,false,true,true,true,false
/chords/b-flat-sus4,b-flat-sus4,sus4,B♭ Suspended 4th,B♭sus4,"B♭sus4 Chord: Piano Notes, Inversions, Sound & PDF | PianoGrid",B♭sus4 Chord,"Learn the B♭sus4 chord on piano: B♭, E♭ and F. See keyboard diagrams, explore inversions, hear the chord and practice finding its notes.","B♭sus4, also called B♭ suspended fourth, contains B♭, E♭ and F. Use the piano diagram to find the notes, hear the chord and explore its inversions.",local production HTML + chord-detail-seo-copy.ts,local production HTML h1,false,bbsus4 chord,20,bbsus4 piano,20,c884c0fa-0b7d-448d-8b50-40f1d4bcb882.png,2026-09-17,,UNCHECKED,SAME_ENTITY_LABEL_ALIGNMENT,"B♭sus4 Chord: Piano Notes, Inversions, Sound & PDF | PianoGrid",B♭sus4 Chord,"Learn the B♭sus4 chord on piano: B♭, E♭ and F. See keyboard diagrams, explore inversions, hear the chord and practice finding its notes.","B♭sus4, also called B♭ suspended fourth, contains B♭, E♭ and F. Use the piano diagram to find the notes, hear the chord and explore its inversions.",B♭sus4 Chord,B♭sus4 Chord,The b♭ suspended 4th chord replaces the third with a perfect fourth.,No independent fingering dataset is authorized for N2B.,,,,,,,,,Same chordId/symbol. Short label B♭sus4 Chord applied locally via CHORD_DETAIL_SEO_COPY and editorial mapping. Music name/notes/URL unchanged. Not committed or published. Seed proposed_display_label=B♭sus4 Chord.,APPLIED_LOCAL,true,false,false,true,true,true,false
/chords/b-m7,b-m7,minor7,B Minor Seventh,Bm7,"Bm7 Chord: Piano Notes, Inversions, Sound & PDF | PianoGrid",Bm7 Chord,"Learn the Bm7 chord on piano: B, D, F♯ and A. See keyboard diagrams, explore inversions, hear the chord and practice finding its notes.","Bm7, also called B minor seventh, contains B, D, F♯ and A. Use the piano diagram to find the notes, hear the chord and explore its inversions.",local production HTML + chord-detail-seo-copy.ts,local production HTML h1,false,bm7 chord,2400,,,01c176a1-3f22-4499-84e8-03abc737972e.png,2026-09-17,,UNCHECKED,SAME_ENTITY_LABEL_ALIGNMENT|COPY_ARTICLE_CASE|COPY_ENGINEERING_FINGERING,"Bm7 Chord: Piano Notes, Inversions, Sound & PDF | PianoGrid",Bm7 Chord,"Learn the Bm7 chord on piano: B, D, F♯ and A. See keyboard diagrams, explore inversions, hear the chord and practice finding its notes.","Bm7, also called B minor seventh, contains B, D, F♯ and A. Use the piano diagram to find the notes, hear the chord and explore its inversions.",Bm7 Chord,Bm7 Chord,A b minor seventh is a minor triad plus a minor seventh.,No independently authorized fingering dataset is provided for N2C.,,,,,,,,"Fingerings are not included on this page. The diagram shows note positions, not a prescribed hand shape.",Same chordId/symbol. Short label Bm7 Chord applied locally via CHORD_DETAIL_SEO_COPY and editorial mapping. Music name/notes/URL unchanged. Not committed or published. Seed proposed_display_label=Bm7 Chord.,APPLIED_LOCAL,true,true,true,true,true,true,false
/chords/b-m7-flat5,b-m7-flat5,halfDiminished7,B Half-Diminished Seventh,Bm7♭5,"B Half-Diminished Chord (Bm7♭5): Piano Notes, Inversions, Sound & PDF",B Half-Diminished Chord (Bm7♭5),"Learn the B Half-Diminished Chord (Bm7♭5) on piano: B, D, F and A. See keyboard diagrams, explore inversions and hear the chord.","B Half-Diminished Chord (Bm7♭5) contains B, D, F and A. The compact symbol Bm7♭5 names the same chord. Use the piano diagram to find the notes, hear the chord and explore its inversions.",local production HTML + chord-detail-seo-copy.ts,local production HTML h1,false,b half diminished chord,110,,,83ae1cc2-860b-4772-b640-4d2f8caab6c8.png,2026-09-17,,UNCHECKED,SAME_ENTITY_LABEL_ALIGNMENT|COPY_ENGINEERING_FINGERING,"B Half-Diminished Chord (Bm7♭5): Piano Notes, Inversions, Sound & PDF",B Half-Diminished Chord (Bm7♭5),"Learn the B Half-Diminished Chord (Bm7♭5) on piano: B, D, F and A. See keyboard diagrams, explore inversions and hear the chord.","B Half-Diminished Chord (Bm7♭5) contains B, D, F and A. The compact symbol Bm7♭5 names the same chord. Use the piano diagram to find the notes, hear the chord and explore its inversions.",B Half-Diminished Chord (Bm7♭5),B Half-Diminished Chord (Bm7♭5),A b half-diminished seventh is a diminished triad plus a minor seventh.,No independently authorized fingering dataset is provided for N2C.,,,,,,,,"Fingerings are not included on this page. The diagram shows note positions, not a prescribed hand shape.",Same chordId/symbol. Short label B Half-Diminished Chord (Bm7♭5) applied locally via CHORD_DETAIL_SEO_COPY and editorial mapping. Music name/notes/URL unchanged. Not committed or published. Seed proposed_display_label=B Half-Diminished Chord (Bm7♭5).,APPLIED_LOCAL,true,false,true,true,true,true,false
/chords/b-madd9,b-madd9,minorAdd9,B minor add9,Bm(add9),"Bm(add9) Piano Chord: Notes, Voicings & Practice | PianoGrid",Bm(add9) Piano Chord,"Find Bm(add9) notes (B, D, F♯, C♯), compare two keyboard layouts, hear each one and practise chord tones or an exact voicing.","Bm(add9) contains B, D, F♯, C♯. Use 1–♭3–5–9 and do not add a seventh.",local production HTML,local production HTML h1,false,bmadd9,30,bm(add9) piano,20,c558ba69-a4e7-4194-9d7a-dbaf06ecc1e8.png,2026-09-18,,UNCHECKED,ALREADY_CLEAR,,,,,B minor add9,B minor add9,"Use B, D, F♯, C♯. The formula is 1–♭3–5–9. Keep the D third: removing it changes the note collection to a suspended shape. The list above names the chord members. For a specific register, read the octave numbers on the selected example below. Start with B3 – D4 – F♯4 – C♯5. Then switch to B3 – C♯4 – D4 – F♯4. The C♯ moves down one octave while the other three notes stay in place. Both examples keep B as the lowest note. This comparison changes spacing, not the bass. It is a pair of reference examples, not a complete inversion catalogue. Here, the higher layout is labelled Bm(add9); the inside-the-triad layout is shown with the Bm(add2) notation hint. This follows the textbook illustration, not a claim that every player uses the labels identically. Musicca also lists add2 as an alternative add9 label. For an exact arrangement, use the written pitches or score. For a note-identification exercise, separate the chord members from their octaves. This page's complete added-note examples include the third and no seventh. A ninth-chord formula includes a seventh; a sus2 collection omits the third. Compare the note lists, not just the number 9 in a symbol. Read B, D, F♯, C♯ as four chord members. The C♯ is the added member; it is not a finger number or a new key signature. Octave numbers such as C4 locate a register. They are separate from scale degrees and finger numbers. First choose the four note names in Bm(add9), in any octave. Next select Match this example and reproduce the specific notes displayed. Correct chord tones in different octaves should receive a spacing hint, not a message that the chord itself is wrong. These browser exercises check your selection on this page, not a performance on an acoustic piano. Fingerings are not supplied; the diagrams are not a prescribed one-hand stretch. The reference brings together the formula, both keyboard layouts and their octave labels. Use it beside your keyboard when comparing the two examples.",,,,,,,,,,Current short or natural name is already clear; not a mechanical Piano-word rewrite.,NO_TDH_CHANGE,false,false,false,false,true,true,false
/chords/b-maj7,b-maj7,major7,B Major Seventh,Bmaj7,"Bmaj7 Chord: Piano Notes, Inversions, Sound & PDF | PianoGrid",Bmaj7 Chord,"Learn the Bmaj7 chord on piano: B, D♯, F♯ and A♯. See keyboard diagrams, explore inversions, hear the chord and practice finding its notes.","Bmaj7, also called B major seventh, contains B, D♯, F♯ and A♯. Use the piano diagram to find the notes, hear the chord and explore its inversions.",local production HTML + chord-detail-seo-copy.ts,local production HTML h1,false,bmaj7 chord,210,,,6799485e-be24-41c3-98ca-f6ca2f2975a6.png,2026-09-17,,UNCHECKED,SAME_ENTITY_LABEL_ALIGNMENT|COPY_ARTICLE_CASE|COPY_ENGINEERING_FINGERING,"Bmaj7 Chord: Piano Notes, Inversions, Sound & PDF | PianoGrid",Bmaj7 Chord,"Learn the Bmaj7 chord on piano: B, D♯, F♯ and A♯. See keyboard diagrams, explore inversions, hear the chord and practice finding its notes.","Bmaj7, also called B major seventh, contains B, D♯, F♯ and A♯. Use the piano diagram to find the notes, hear the chord and explore its inversions.",Bmaj7 Chord,Bmaj7 Chord,A b major seventh is a major triad plus a major seventh.,No independently authorized fingering dataset is provided for N2C.,,,,,,,,"Fingerings are not included on this page. The diagram shows note positions, not a prescribed hand shape.",Same chordId/symbol. Short label Bmaj7 Chord applied locally via CHORD_DETAIL_SEO_COPY and editorial mapping. Music name/notes/URL unchanged. Not committed or published. Seed proposed_display_label=Bmaj7 Chord.,APPLIED_LOCAL,true,true,true,true,true,true,false
/chords/b-major,b-major,major,B Major Piano Chord (B),B,"B Major Piano Chord (B): Notes, Inversions & PDF | PianoGrid",B Major Piano Chord (B),"Learn B major on piano with B, D-sharp and F-sharp. Read its bass notes and inversions, try the note exercise and print the reference.","B major consists of B, D-sharp and F-sharp. The chord has a white-key root and two black-key chord tones.",local production HTML,local production HTML h1,false,,,,,,,,UNCHECKED,ALREADY_CLEAR,,,,,B Major Piano Chord (B),B Major Piano Chord (B),,,,,,,,,,,Current short or natural name is already clear; not a mechanical Piano-word rewrite.,NO_TDH_CHANGE,false,false,false,false,true,true,true
/chords/b-minor,b-minor,minor,B Minor,Bm,"B Minor Chord – Piano Notes, Fingering & Inversions | PianoGrid",B Minor Chord,"Learn the B minor chord on piano, including the notes B–D–F♯, fingering, keyboard positions, root position, and inversions.","The B Minor chord contains B, D, F♯. Its formula is 1–♭3–5.",local production HTML + seo-editorial.ts,local production HTML h1,true,b minor chord,18100,b minor chord piano,4400,c45756ea-7b7c-4586-a97c-6d2dc1340942.png,2026-09-17,,UNCHECKED,UPSTREAM_PROTECTED,,,,,B Minor Chord,B Minor Chord,,,,,,,,,,,Approved eight-page TDH from 5fa6cb6 is integrated and kept. Task 11 did not overwrite these fields.,UPSTREAM_PROTECTED,false,false,false,false,true,true,false
/chords/b-sus2,b-sus2,sus2,B Suspended 2nd,Bsus2,"Bsus2 Chord: Piano Notes, Inversions, Sound & PDF | PianoGrid",Bsus2 Chord,"Learn the Bsus2 chord on piano: B, C♯ and F♯. See keyboard diagrams, explore inversions, hear the chord and practice finding its notes.","Bsus2, also called B suspended second, contains B, C♯ and F♯. Use the piano diagram to find the notes, hear the chord and explore its inversions.",local production HTML + chord-detail-seo-copy.ts,local production HTML h1,false,bsus2 chord,110,,,9647961e-4ab8-4675-bb14-e10b51c8982c.png,2026-09-17,,UNCHECKED,SAME_ENTITY_LABEL_ALIGNMENT,"Bsus2 Chord: Piano Notes, Inversions, Sound & PDF | PianoGrid",Bsus2 Chord,"Learn the Bsus2 chord on piano: B, C♯ and F♯. See keyboard diagrams, explore inversions, hear the chord and practice finding its notes.","Bsus2, also called B suspended second, contains B, C♯ and F♯. Use the piano diagram to find the notes, hear the chord and explore its inversions.",Bsus2 Chord,Bsus2 Chord,The b suspended 2nd chord replaces the third with a major second.,No independent fingering dataset is authorized for N2B.,,,,,,,,,Same chordId/symbol. Short label Bsus2 Chord applied locally via CHORD_DETAIL_SEO_COPY and editorial mapping. Music name/notes/URL unchanged. Not committed or published. Seed proposed_display_label=Bsus2 Chord.,APPLIED_LOCAL,true,false,false,true,true,true,false
/chords/b-sus4,b-sus4,sus4,B Suspended 4th,Bsus4,"Bsus4 Chord: Piano Notes, Inversions, Sound & PDF | PianoGrid",Bsus4 Chord,"Learn the Bsus4 chord on piano: B, E and F♯. See keyboard diagrams, explore inversions, hear the chord and practice finding its notes.","Bsus4, also called B suspended fourth, contains B, E and F♯. Use the piano diagram to find the notes, hear the chord and explore its inversions.",local production HTML + chord-detail-seo-copy.ts,local production HTML h1,false,bsus4 chord,140,,,9647961e-4ab8-4675-bb14-e10b51c8982c.png,2026-09-17,,UNCHECKED,SAME_ENTITY_LABEL_ALIGNMENT,"Bsus4 Chord: Piano Notes, Inversions, Sound & PDF | PianoGrid",Bsus4 Chord,"Learn the Bsus4 chord on piano: B, E and F♯. See keyboard diagrams, explore inversions, hear the chord and practice finding its notes.","Bsus4, also called B suspended fourth, contains B, E and F♯. Use the piano diagram to find the notes, hear the chord and explore its inversions.",Bsus4 Chord,Bsus4 Chord,The b suspended 4th chord replaces the third with a perfect fourth.,No independent fingering dataset is authorized for N2B.,,,,,,,,,Same chordId/symbol. Short label Bsus4 Chord applied locally via CHORD_DETAIL_SEO_COPY and editorial mapping. Music name/notes/URL unchanged. Not committed or published. Seed proposed_display_label=Bsus4 Chord.,APPLIED_LOCAL,true,false,false,true,true,true,false
/chords/c-7,c-7,dominant7,C Dominant Seventh,C7,"C7 Chord: Piano Notes, Inversions, Sound & PDF | PianoGrid",C7 Chord,"Learn the C7 chord on piano: C, E, G and B♭. See keyboard diagrams, explore inversions, hear the chord and practice finding its notes.","C7, also called C dominant seventh, contains C, E, G and B♭. Use the piano diagram to find the notes, hear the chord and explore its inversions.",local production HTML + chord-detail-seo-copy.ts,local production HTML h1,false,c7 chord,5400,c7 piano,720,c45756ea-7b7c-4586-a97c-6d2dc1340942.png,2026-09-17,,UNCHECKED,SAME_ENTITY_LABEL_ALIGNMENT|COPY_ARTICLE_CASE|COPY_ENGINEERING_FINGERING,"C7 Chord: Piano Notes, Inversions, Sound & PDF | PianoGrid",C7 Chord,"Learn the C7 chord on piano: C, E, G and B♭. See keyboard diagrams, explore inversions, hear the chord and practice finding its notes.","C7, also called C dominant seventh, contains C, E, G and B♭. Use the piano diagram to find the notes, hear the chord and explore its inversions.",C7 Chord,C7 Chord,A c dominant seventh is a major triad plus a minor seventh.,No independently authorized fingering dataset is provided for N2C.,,,,,,,,"Fingerings are not included on this page. The diagram shows note positions, not a prescribed hand shape.",Same chordId/symbol. Short label C7 Chord applied locally via CHORD_DETAIL_SEO_COPY and editorial mapping. Music name/notes/URL unchanged. Not committed or published. Seed proposed_display_label=C7 Chord.,APPLIED_LOCAL,true,true,true,true,true,true,false
/chords/c-add9,c-add9,add9,C add9,Cadd9,"Cadd9 Piano Chord: Notes, Voicings & Practice | PianoGrid",Cadd9 Piano Chord,"Find Cadd9 notes (C, E, G, D), compare two keyboard layouts, hear each one and practise chord tones or an exact voicing.","Cadd9 contains C, E, G, D. Use 1–3–5–9 and do not add a seventh.",local production HTML,local production HTML h1,false,cadd9,4400,cadd9 piano,590,84b938e9-649a-4ad3-91b1-cb2c43d8cb25.png,2026-09-18,,UNCHECKED,ALREADY_CLEAR,,,,,C add9,C add9,"Use C, E, G, D. The formula is 1–3–5–9. Keep the E third: removing it changes the note collection to a suspended shape. The list above names the chord members. For a specific register, read the octave numbers on the selected example below. Start with C3 – E3 – G3 – D4. Then switch to C3 – D3 – E3 – G3. The D moves down one octave while the other three notes stay in place. Both examples keep C as the lowest note. This comparison changes spacing, not the bass. It is a pair of reference examples, not a complete inversion catalogue. Here, the higher layout is labelled Cadd9; the inside-the-triad layout is shown with the Cadd2 notation hint. This follows the textbook illustration, not a claim that every player uses the labels identically. Musicca also lists add2 as an alternative add9 label. For an exact arrangement, use the written pitches or score. For a note-identification exercise, separate the chord members from their octaves. This page's complete added-note examples include the third and no seventh. A ninth-chord formula includes a seventh; a sus2 collection omits the third. Compare the note lists, not just the number 9 in a symbol. Read C, E, G, D as four chord members. The D is the added member; it is not a finger number or a new key signature. Octave numbers such as C4 locate a register. They are separate from scale degrees and finger numbers. First choose the four note names in Cadd9, in any octave. Next select Match this example and reproduce the specific notes displayed. Correct chord tones in different octaves should receive a spacing hint, not a message that the chord itself is wrong. These browser exercises check your selection on this page, not a performance on an acoustic piano. Fingerings are not supplied; the diagrams are not a prescribed one-hand stretch. The reference brings together the formula, both keyboard layouts and their octave labels. Use it beside your keyboard when comparing the two examples.",,,,,,,,,,Current short or natural name is already clear; not a mechanical Piano-word rewrite.,NO_TDH_CHANGE,false,false,false,false,true,true,false
/chords/c-augmented,c-augmented,augmented,C Augmented,Caug,C Augmented Piano Chord (Caug): Notes & Inversions | PianoGrid,C Augmented Piano Chord,"Find the C augmented chord on piano: C, E, G♯. See three keyboard positions, sound and a printable reference.","The C Augmented chord contains C, E, G♯. Formula: 1–3–♯5.",local production HTML,local production HTML h1,false,c augmented chord,590,c augmented chord piano,70,0d26efa8-bf8c-4209-bd71-cad9933ce78c.png,2026-09-17,,UNCHECKED,ALREADY_CLEAR,,,,,C Augmented,C Augmented,"The c augmented triad uses a root, major third and augmented fifth.",No independent fingering dataset is authorized for N2B.,,,,,,,,,Current short or natural name is already clear; not a mechanical Piano-word rewrite.,NO_TDH_CHANGE,false,false,false,false,true,true,false
/chords/c-diminished,c-diminished,diminished,C Diminished,Cdim,C Diminished Piano Chord (Cdim): Notes & Inversions | PianoGrid,C Diminished Piano Chord,"Find the C diminished chord on piano: C, E♭, G♭. See three keyboard positions, sound and a printable reference.","The C Diminished chord contains C, E♭, G♭. Formula: 1–♭3–♭5.",local production HTML,local production HTML h1,false,c diminished chord,1600,c diminished chord piano,480,0d26efa8-bf8c-4209-bd71-cad9933ce78c.png,2026-09-17,,UNCHECKED,ALREADY_CLEAR,,,,,C Diminished,C Diminished,"The c diminished triad uses a root, minor third and diminished fifth.",No independent fingering dataset is authorized for N2B.,,,,,,,,,Current short or natural name is already clear; not a mechanical Piano-word rewrite.,NO_TDH_CHANGE,false,false,false,false,true,true,false
/chords/c-flat-major,c-flat-major,major,C-flat Major Piano Chord (C♭),Cb,"C-flat Major Piano Chord (Cb): Notes, Inversions & PDF",C-flat Major Piano Chord (C♭),"Read C-flat major as C-flat, E-flat and G-flat. Match C-flat4 to the B3 key, compare inversions and print an enharmonic reference.","C-flat major contains C-flat, E-flat and G-flat. On an equal-tempered piano, its pitch classes match B, D-sharp and F-sharp.",local production HTML,local production HTML h1,false,,,,,,,,UNCHECKED,ALREADY_CLEAR,,,,,C-flat Major Piano Chord (C♭),C-flat Major Piano Chord (C♭),,,,,,,,,,,Current short or natural name is already clear; not a mechanical Piano-word rewrite.,NO_TDH_CHANGE,false,false,false,false,true,true,false
/chords/c-m7,c-m7,minor7,C Minor Seventh,Cm7,"Cm7 Chord: Piano Notes, Inversions, Sound & PDF | PianoGrid",Cm7 Chord,"Learn the Cm7 chord on piano: C, E♭, G and B♭. See keyboard diagrams, explore inversions, hear the chord and practice finding its notes.","Cm7, also called C minor seventh, contains C, E♭, G and B♭. Use the piano diagram to find the notes, hear the chord and explore its inversions.",local production HTML + chord-detail-seo-copy.ts,local production HTML h1,false,cm7 chord,1000,cm7 piano,590,b52715f1-e57e-416e-be83-077fcec17be6.png,2026-09-17,,UNCHECKED,SAME_ENTITY_LABEL_ALIGNMENT|COPY_ARTICLE_CASE|COPY_ENGINEERING_FINGERING,"Cm7 Chord: Piano Notes, Inversions, Sound & PDF | PianoGrid",Cm7 Chord,"Learn the Cm7 chord on piano: C, E♭, G and B♭. See keyboard diagrams, explore inversions, hear the chord and practice finding its notes.","Cm7, also called C minor seventh, contains C, E♭, G and B♭. Use the piano diagram to find the notes, hear the chord and explore its inversions.",Cm7 Chord,Cm7 Chord,A c minor seventh is a minor triad plus a minor seventh.,No independently authorized fingering dataset is provided for N2C.,,,,,,,,"Fingerings are not included on this page. The diagram shows note positions, not a prescribed hand shape.",Same chordId/symbol. Short label Cm7 Chord applied locally via CHORD_DETAIL_SEO_COPY and editorial mapping. Music name/notes/URL unchanged. Not committed or published. Seed proposed_display_label=Cm7 Chord.,APPLIED_LOCAL,true,true,true,true,true,true,false
/chords/c-m7-flat5,c-m7-flat5,halfDiminished7,C Half-Diminished Seventh,Cm7♭5,"C Half-Diminished Chord (Cm7♭5): Piano Notes, Inversions, Sound & PDF",C Half-Diminished Chord (Cm7♭5),"Learn the C Half-Diminished Chord (Cm7♭5) on piano: C, E♭, G♭ and B♭. See keyboard diagrams, explore inversions and hear the chord.","C Half-Diminished Chord (Cm7♭5) contains C, E♭, G♭ and B♭. The compact symbol Cm7♭5 names the same chord. Use the piano diagram to find the notes, hear the chord and explore its inversions.",local production HTML + chord-detail-seo-copy.ts,local production HTML h1,false,c half diminished chord,20,c minor 7 flat 5 piano,20,83ae1cc2-860b-4772-b640-4d2f8caab6c8.png,2026-09-17,,UNCHECKED,SAME_ENTITY_LABEL_ALIGNMENT|COPY_ENGINEERING_FINGERING,"C Half-Diminished Chord (Cm7♭5): Piano Notes, Inversions, Sound & PDF",C Half-Diminished Chord (Cm7♭5),"Learn the C Half-Diminished Chord (Cm7♭5) on piano: C, E♭, G♭ and B♭. See keyboard diagrams, explore inversions and hear the chord.","C Half-Diminished Chord (Cm7♭5) contains C, E♭, G♭ and B♭. The compact symbol Cm7♭5 names the same chord. Use the piano diagram to find the notes, hear the chord and explore its inversions.",C Half-Diminished Chord (Cm7♭5),C Half-Diminished Chord (Cm7♭5),A c half-diminished seventh is a diminished triad plus a minor seventh.,No independently authorized fingering dataset is provided for N2C.,,,,,,,,"Fingerings are not included on this page. The diagram shows note positions, not a prescribed hand shape.",Same chordId/symbol. Short label C Half-Diminished Chord (Cm7♭5) applied locally via CHORD_DETAIL_SEO_COPY and editorial mapping. Music name/notes/URL unchanged. Not committed or published. Seed proposed_display_label=C Half-Diminished Chord (Cm7♭5).,APPLIED_LOCAL,true,false,true,true,true,true,false
/chords/c-madd9,c-madd9,minorAdd9,C minor add9,Cm(add9),"Cm(add9) Piano Chord: Notes, Voicings & Practice | PianoGrid",Cm(add9) Piano Chord,"Find Cm(add9) notes (C, E♭, G, D), compare two keyboard layouts, hear each one and practise chord tones or an exact voicing.","Cm(add9) contains C, E♭, G, D. Use 1–♭3–5–9 and do not add a seventh.",local production HTML,local production HTML h1,false,cmadd9,30,cm(add9) piano,20,c558ba69-a4e7-4194-9d7a-dbaf06ecc1e8.png,2026-09-18,,UNCHECKED,ALREADY_CLEAR,,,,,C minor add9,C minor add9,"Use C, E♭, G, D. The formula is 1–♭3–5–9. Keep the E♭ third: removing it changes the note collection to a suspended shape. The list above names the chord members. For a specific register, read the octave numbers on the selected example below. Start with C3 – E♭3 – G3 – D4. Then switch to C3 – D3 – E♭3 – G3. The D moves down one octave while the other three notes stay in place. Both examples keep C as the lowest note. This comparison changes spacing, not the bass. It is a pair of reference examples, not a complete inversion catalogue. Here, the higher layout is labelled Cm(add9); the inside-the-triad layout is shown with the Cm(add2) notation hint. This follows the textbook illustration, not a claim that every player uses the labels identically. Musicca also lists add2 as an alternative add9 label. For an exact arrangement, use the written pitches or score. For a note-identification exercise, separate the chord members from their octaves. This page's complete added-note examples include the third and no seventh. A ninth-chord formula includes a seventh; a sus2 collection omits the third. Compare the note lists, not just the number 9 in a symbol. Read C, E♭, G, D as four chord members. The D is the added member; it is not a finger number or a new key signature. Octave numbers such as C4 locate a register. They are separate from scale degrees and finger numbers. First choose the four note names in Cm(add9), in any octave. Next select Match this example and reproduce the specific notes displayed. Correct chord tones in different octaves should receive a spacing hint, not a message that the chord itself is wrong. These browser exercises check your selection on this page, not a performance on an acoustic piano. Fingerings are not supplied; the diagrams are not a prescribed one-hand stretch. The reference brings together the formula, both keyboard layouts and their octave labels. Use it beside your keyboard when comparing the two examples.",,,,,,,,,,Current short or natural name is already clear; not a mechanical Piano-word rewrite.,NO_TDH_CHANGE,false,false,false,false,true,true,false
/chords/c-maj7,c-maj7,major7,C Major Seventh,Cmaj7,"Cmaj7 Chord: Piano Notes, Inversions, Sound & PDF | PianoGrid",Cmaj7 Chord,"Learn the Cmaj7 chord on piano: C, E, G and B. See keyboard diagrams, explore inversions, hear the chord and practice finding its notes.","Cmaj7, also called C major seventh, contains C, E, G and B. Use the piano diagram to find the notes, hear the chord and explore its inversions.",local production HTML + chord-detail-seo-copy.ts,local production HTML h1,false,cmaj7 chord,2900,cmaj7 piano,1300,01c176a1-3f22-4499-84e8-03abc737972e.png,2026-09-17,,UNCHECKED,SAME_ENTITY_LABEL_ALIGNMENT|COPY_ARTICLE_CASE|COPY_ENGINEERING_FINGERING,"Cmaj7 Chord: Piano Notes, Inversions, Sound & PDF | PianoGrid",Cmaj7 Chord,"Learn the Cmaj7 chord on piano: C, E, G and B. See keyboard diagrams, explore inversions, hear the chord and practice finding its notes.","Cmaj7, also called C major seventh, contains C, E, G and B. Use the piano diagram to find the notes, hear the chord and explore its inversions.",Cmaj7 Chord,Cmaj7 Chord,A c major seventh is a major triad plus a major seventh.,No independently authorized fingering dataset is provided for N2C.,,,,,,,,"Fingerings are not included on this page. The diagram shows note positions, not a prescribed hand shape.",Same chordId/symbol. Short label Cmaj7 Chord applied locally via CHORD_DETAIL_SEO_COPY and editorial mapping. Music name/notes/URL unchanged. Not committed or published. Seed proposed_display_label=Cmaj7 Chord.,APPLIED_LOCAL,true,true,true,true,true,true,false
/chords/c-major,c-major,major,C major Piano Chord,C,"C Major Piano Chord: Notes, Inversions & Keyboard Diagrams",C Major Piano Chord,"Find the C major piano chord notes C, E and G. Compare root position and two inversions with keyboard diagrams, sound examples and a printable reference.",C major contains C–E–G. The intervals from the root are a major third and a perfect fifth.,local production HTML,local production HTML h1,false,,,,,,,,UNCHECKED,ALREADY_CLEAR,,,,,C major Piano Chord,C major Piano Chord,,,,,,,,,,,Current short or natural name is already clear; not a mechanical Piano-word rewrite.,NO_TDH_CHANGE,false,false,false,false,true,true,true
/chords/c-minor,c-minor,minor,C Minor Piano Chord (Cm),Cm,"C Minor Piano Chord (Cm): Notes, Inversions & PDF | PianoGrid",C Minor Piano Chord (Cm),"Learn the C minor piano chord: C, E-flat and G. Compare Cm/E-flat and Cm/G, check the major-minor difference and print the keyboard diagrams.","C minor is C, E-flat and G. The lowered third, E-flat, distinguishes Cm from the C–E–G major triad.",local production HTML,local production HTML h1,false,,,,,,,,UNCHECKED,ALREADY_CLEAR,,,,,C Minor Piano Chord (Cm),C Minor Piano Chord (Cm),,,,,,,,,,,Current short or natural name is already clear; not a mechanical Piano-word rewrite.,NO_TDH_CHANGE,false,false,false,false,true,true,true
/chords/c-sharp-minor,c-sharp-minor,minor,C-sharp Minor,C♯m,"C-sharp Minor Piano Chord (C♯m): Notes, Inversions & PDF",C-sharp Minor Piano Chord,"Find the c-sharp minor chord on piano: C♯, E, G♯. See keyboard positions, compare three inversions, hear the notes and print a reference.","The C-sharp Minor chord contains C♯, E, G♯. Its formula is 1–♭3–5.",local production HTML,local production HTML h1,false,c sharp minor chord,1600,,,01c176a1-3f22-4499-84e8-03abc737972e.png,2026-09-17,,UNCHECKED,ALREADY_CLEAR,,,,,C-sharp Minor,C-sharp Minor,,,,,,,,,,,Current short or natural name is already clear; not a mechanical Piano-word rewrite.,NO_TDH_CHANGE,false,false,false,false,true,true,false
/chords/c-sus2,c-sus2,sus2,C Suspended 2nd,Csus2,"Csus2 Chord: Piano Notes, Inversions, Sound & PDF | PianoGrid",Csus2 Chord,"Learn the Csus2 chord on piano: C, D and G. See keyboard diagrams, explore inversions, hear the chord and practice finding its notes.","Csus2, also called C suspended second, contains C, D and G. Use the piano diagram to find the notes, hear the chord and explore its inversions.",local production HTML + chord-detail-seo-copy.ts,local production HTML h1,false,csus2 chord,260,,,a60b623a-fe4d-4ce9-b831-ad52fbc1aa2e.png,2026-09-17,,UNCHECKED,SAME_ENTITY_LABEL_ALIGNMENT,"Csus2 Chord: Piano Notes, Inversions, Sound & PDF | PianoGrid",Csus2 Chord,"Learn the Csus2 chord on piano: C, D and G. See keyboard diagrams, explore inversions, hear the chord and practice finding its notes.","Csus2, also called C suspended second, contains C, D and G. Use the piano diagram to find the notes, hear the chord and explore its inversions.",Csus2 Chord,Csus2 Chord,The c suspended 2nd chord replaces the third with a major second.,No independent fingering dataset is authorized for N2B.,,,,,,,,,Same chordId/symbol. Short label Csus2 Chord applied locally via CHORD_DETAIL_SEO_COPY and editorial mapping. Music name/notes/URL unchanged. Not committed or published. Seed proposed_display_label=Csus2 Chord.,APPLIED_LOCAL,true,false,false,true,true,true,false
/chords/c-sus4,c-sus4,sus4,C Suspended 4th,Csus4,"Csus4 Chord: Piano Notes, Inversions, Sound & PDF | PianoGrid",Csus4 Chord,"Learn the Csus4 chord on piano: C, F and G. See keyboard diagrams, explore inversions, hear the chord and practice finding its notes.","Csus4, also called C suspended fourth, contains C, F and G. Use the piano diagram to find the notes, hear the chord and explore its inversions.",local production HTML + chord-detail-seo-copy.ts,local production HTML h1,false,csus4 chord,210,,,a60b623a-fe4d-4ce9-b831-ad52fbc1aa2e.png,2026-09-17,,UNCHECKED,SAME_ENTITY_LABEL_ALIGNMENT,"Csus4 Chord: Piano Notes, Inversions, Sound & PDF | PianoGrid",Csus4 Chord,"Learn the Csus4 chord on piano: C, F and G. See keyboard diagrams, explore inversions, hear the chord and practice finding its notes.","Csus4, also called C suspended fourth, contains C, F and G. Use the piano diagram to find the notes, hear the chord and explore its inversions.",Csus4 Chord,Csus4 Chord,The c suspended 4th chord replaces the third with a perfect fourth.,No independent fingering dataset is authorized for N2B.,,,,,,,,,Same chordId/symbol. Short label Csus4 Chord applied locally via CHORD_DETAIL_SEO_COPY and editorial mapping. Music name/notes/URL unchanged. Not committed or published. Seed proposed_display_label=Csus4 Chord.,APPLIED_LOCAL,true,false,false,true,true,true,false
/chords/d-7,d-7,dominant7,D Dominant Seventh,D7,"D7 Chord: Piano Notes, Inversions, Sound & PDF | PianoGrid",D7 Chord,"Learn the D7 chord on piano: D, F♯, A and C. See keyboard diagrams, explore inversions, hear the chord and practice finding its notes.","D7, also called D dominant seventh, contains D, F♯, A and C. Use the piano diagram to find the notes, hear the chord and explore its inversions.",local production HTML + chord-detail-seo-copy.ts,local production HTML h1,false,d7 chord,6600,d 7th chord piano,1300,c45756ea-7b7c-4586-a97c-6d2dc1340942.png,2026-09-17,,UNCHECKED,SAME_ENTITY_LABEL_ALIGNMENT|COPY_ARTICLE_CASE|COPY_ENGINEERING_FINGERING,"D7 Chord: Piano Notes, Inversions, Sound & PDF | PianoGrid",D7 Chord,"Learn the D7 chord on piano: D, F♯, A and C. See keyboard diagrams, explore inversions, hear the chord and practice finding its notes.","D7, also called D dominant seventh, contains D, F♯, A and C. Use the piano diagram to find the notes, hear the chord and explore its inversions.",D7 Chord,D7 Chord,A d dominant seventh is a major triad plus a minor seventh.,No independently authorized fingering dataset is provided for N2C.,,,,,,,,"Fingerings are not included on this page. The diagram shows note positions, not a prescribed hand shape.",Same chordId/symbol. Short label D7 Chord applied locally via CHORD_DETAIL_SEO_COPY and editorial mapping. Music name/notes/URL unchanged. Not committed or published. Seed proposed_display_label=D7 Chord.,APPLIED_LOCAL,true,true,true,true,true,true,false
/chords/d-add9,d-add9,add9,D add9,Dadd9,"Dadd9 Piano Chord: Notes, Voicings & Practice | PianoGrid",Dadd9 Piano Chord,"Find Dadd9 notes (D, F♯, A, E), compare two keyboard layouts, hear each one and practise chord tones or an exact voicing.","Dadd9 contains D, F♯, A, E. Use 1–3–5–9 and do not add a seventh.",local production HTML,local production HTML h1,false,dadd9 chord,140,,,9647961e-4ab8-4675-bb14-e10b51c8982c.png,2026-09-17,,UNCHECKED,ALREADY_CLEAR,,,,,D add9,D add9,"Use D, F♯, A, E. The formula is 1–3–5–9. Keep the F♯ third: removing it changes the note collection to a suspended shape. The list above names the chord members. For a specific register, read the octave numbers on the selected example below. Start with D3 – F♯3 – A3 – E4. Then switch to D3 – E3 – F♯3 – A3. The E moves down one octave while the other three notes stay in place. Both examples keep D as the lowest note. This comparison changes spacing, not the bass. It is a pair of reference examples, not a complete inversion catalogue. Here, the higher layout is labelled Dadd9; the inside-the-triad layout is shown with the Dadd2 notation hint. This follows the textbook illustration, not a claim that every player uses the labels identically. Musicca also lists add2 as an alternative add9 label. For an exact arrangement, use the written pitches or score. For a note-identification exercise, separate the chord members from their octaves. This page's complete added-note examples include the third and no seventh. A ninth-chord formula includes a seventh; a sus2 collection omits the third. Compare the note lists, not just the number 9 in a symbol. Read D, F♯, A, E as four chord members. The E is the added member; it is not a finger number or a new key signature. Octave numbers such as C4 locate a register. They are separate from scale degrees and finger numbers. First choose the four note names in Dadd9, in any octave. Next select Match this example and reproduce the specific notes displayed. Correct chord tones in different octaves should receive a spacing hint, not a message that the chord itself is wrong. These browser exercises check your selection on this page, not a performance on an acoustic piano. Fingerings are not supplied; the diagrams are not a prescribed one-hand stretch. The reference brings together the formula, both keyboard layouts and their octave labels. Use it beside your keyboard when comparing the two examples.",,,,,,,,,,Current short or natural name is already clear; not a mechanical Piano-word rewrite.,NO_TDH_CHANGE,false,false,false,false,true,true,false
/chords/d-augmented,d-augmented,augmented,D Augmented,Daug,D Augmented Piano Chord (Daug): Notes & Inversions | PianoGrid,D Augmented Piano Chord,"Find the D augmented chord on piano: D, F♯, A♯. See three keyboard positions, sound and a printable reference.","The D Augmented chord contains D, F♯, A♯. Formula: 1–3–♯5.",local production HTML,local production HTML h1,false,d augmented chord,390,,,0d26efa8-bf8c-4209-bd71-cad9933ce78c.png,2026-09-17,,UNCHECKED,ALREADY_CLEAR,,,,,D Augmented,D Augmented,"The d augmented triad uses a root, major third and augmented fifth.",No independent fingering dataset is authorized for N2B.,,,,,,,,,Current short or natural name is already clear; not a mechanical Piano-word rewrite.,NO_TDH_CHANGE,false,false,false,false,true,true,false
/chords/d-diminished,d-diminished,diminished,D Diminished,Ddim,D Diminished Piano Chord (Ddim): Notes & Inversions | PianoGrid,D Diminished Piano Chord,"Find the D diminished chord on piano: D, F, A♭. See three keyboard positions, sound and a printable reference.","The D Diminished chord contains D, F, A♭. Formula: 1–♭3–♭5.",local production HTML,local production HTML h1,false,d diminished chord,880,,,0d26efa8-bf8c-4209-bd71-cad9933ce78c.png,2026-09-17,,UNCHECKED,ALREADY_CLEAR,,,,,D Diminished,D Diminished,"The d diminished triad uses a root, minor third and diminished fifth.",No independent fingering dataset is authorized for N2B.,,,,,,,,,Current short or natural name is already clear; not a mechanical Piano-word rewrite.,NO_TDH_CHANGE,false,false,false,false,true,true,false
/chords/d-flat-7,d-flat-7,dominant7,D♭ Dominant Seventh,D♭7,"D♭7 Chord: Piano Notes, Inversions, Sound & PDF | PianoGrid",D♭7 Chord,"Learn the D♭7 chord on piano: D♭, F, A♭ and C♭. See keyboard diagrams, explore inversions, hear the chord and practice finding its notes.","D♭7, also called D♭ dominant seventh, contains D♭, F, A♭ and C♭. Use the piano diagram to find the notes, hear the chord and explore its inversions.",local production HTML + chord-detail-seo-copy.ts,local production HTML h1,false,db7 chord,260,,,6799485e-be24-41c3-98ca-f6ca2f2975a6.png,2026-09-17,,UNCHECKED,SAME_ENTITY_LABEL_ALIGNMENT|COPY_ENGINEERING_FINGERING,"D♭7 Chord: Piano Notes, Inversions, Sound & PDF | PianoGrid",D♭7 Chord,"Learn the D♭7 chord on piano: D♭, F, A♭ and C♭. See keyboard diagrams, explore inversions, hear the chord and practice finding its notes.","D♭7, also called D♭ dominant seventh, contains D♭, F, A♭ and C♭. Use the piano diagram to find the notes, hear the chord and explore its inversions.",D♭7 Chord,D♭7 Chord,A d♭ dominant seventh is a major triad plus a minor seventh.,No independently authorized fingering dataset is provided for N2C.,,,,,,,,"Fingerings are not included on this page. The diagram shows note positions, not a prescribed hand shape.",Same chordId/symbol. Short label D♭7 Chord applied locally via CHORD_DETAIL_SEO_COPY and editorial mapping. Music name/notes/URL unchanged. Not committed or published. Seed proposed_display_label=D♭7 Chord.,APPLIED_LOCAL,true,false,true,true,true,true,false
/chords/d-flat-add9,d-flat-add9,add9,D-flat add9,D♭add9,"D♭add9 Piano Chord: Notes, Voicings & Practice | PianoGrid",D♭add9 Piano Chord,"Find D♭add9 notes (D♭, F, A♭, E♭), compare two keyboard layouts, hear each one and practise chord tones or an exact voicing.","D♭add9 contains D♭, F, A♭, E♭. Use 1–3–5–9 and do not add a seventh.",local production HTML,local production HTML h1,false,dbadd9,20,dbadd9 piano,20,c558ba69-a4e7-4194-9d7a-dbaf06ecc1e8.png,2026-09-18,,UNCHECKED,ALREADY_CLEAR,,,,,D-flat add9,D-flat add9,"Use D♭, F, A♭, E♭. The formula is 1–3–5–9. Keep the F third: removing it changes the note collection to a suspended shape. The list above names the chord members. For a specific register, read the octave numbers on the selected example below. Start with D♭3 – F3 – A♭3 – E♭4. Then switch to D♭3 – E♭3 – F3 – A♭3. The E♭ moves down one octave while the other three notes stay in place. Both examples keep D♭ as the lowest note. This comparison changes spacing, not the bass. It is a pair of reference examples, not a complete inversion catalogue. Here, the higher layout is labelled D♭add9; the inside-the-triad layout is shown with the D♭add2 notation hint. This follows the textbook illustration, not a claim that every player uses the labels identically. Musicca also lists add2 as an alternative add9 label. For an exact arrangement, use the written pitches or score. For a note-identification exercise, separate the chord members from their octaves. This page's complete added-note examples include the third and no seventh. A ninth-chord formula includes a seventh; a sus2 collection omits the third. Compare the note lists, not just the number 9 in a symbol. Read D♭, F, A♭, E♭ as four chord members. The E♭ is the added member; it is not a finger number or a new key signature. Octave numbers such as C4 locate a register. They are separate from scale degrees and finger numbers. First choose the four note names in D♭add9, in any octave. Next select Match this example and reproduce the specific notes displayed. Correct chord tones in different octaves should receive a spacing hint, not a message that the chord itself is wrong. These browser exercises check your selection on this page, not a performance on an acoustic piano. Fingerings are not supplied; the diagrams are not a prescribed one-hand stretch. The reference brings together the formula, both keyboard layouts and their octave labels. Use it beside your keyboard when comparing the two examples.",,,,,,,,,,Current short or natural name is already clear; not a mechanical Piano-word rewrite.,NO_TDH_CHANGE,false,false,false,false,true,true,false
/chords/d-flat-augmented,d-flat-augmented,augmented,D♭ Augmented,D♭aug,D♭ Augmented Piano Chord (D♭aug): Notes & Inversions | PianoGrid,D♭ Augmented Piano Chord,"Find the d♭ augmented chord on piano: D♭, F, A. See three keyboard positions, sound and a printable reference.","The D♭ Augmented chord contains D♭, F, A. Formula: 1–3–♯5.",local production HTML,local production HTML h1,false,d flat augmented chord,20,dbaug piano,20,c884c0fa-0b7d-448d-8b50-40f1d4bcb882.png,2026-09-17,,UNCHECKED,ALREADY_CLEAR,,,,,D♭ Augmented,D♭ Augmented,"The d♭ augmented triad uses a root, major third and augmented fifth.",No independent fingering dataset is authorized for N2B.,,,,,,,,,Current short or natural name is already clear; not a mechanical Piano-word rewrite.,NO_TDH_CHANGE,false,false,false,false,true,true,false
/chords/d-flat-diminished,d-flat-diminished,diminished,D♭ Diminished,D♭dim,D♭ Diminished Piano Chord (D♭dim): Notes & Inversions,D♭ Diminished Piano Chord,"Find the d♭ diminished chord on piano: D♭, F♭, A𝄫. See three keyboard positions, sound and a printable reference.","The D♭ Diminished chord contains D♭, F♭, A𝄫. Formula: 1–♭3–♭5.",local production HTML,local production HTML h1,false,d flat diminished chord,90,dbdim piano,20,9647961e-4ab8-4675-bb14-e10b51c8982c.png,2026-09-17,,UNCHECKED,ALREADY_CLEAR,,,,,D♭ Diminished,D♭ Diminished,"The d♭ diminished triad uses a root, minor third and diminished fifth.",No independent fingering dataset is authorized for N2B.,,,,,,,,,Current short or natural name is already clear; not a mechanical Piano-word rewrite.,NO_TDH_CHANGE,false,false,false,false,true,true,false
/chords/d-flat-m7,d-flat-m7,minor7,D♭ Minor Seventh,D♭m7,"D♭m7 Chord: Piano Notes, Inversions, Sound & PDF | PianoGrid",D♭m7 Chord,"Learn the D♭m7 chord on piano: D♭, F♭, A♭ and C♭. See keyboard diagrams, explore inversions, hear the chord and practice finding its notes.","D♭m7, also called D♭ minor seventh, contains D♭, F♭, A♭ and C♭. Use the piano diagram to find the notes, hear the chord and explore its inversions.",local production HTML + chord-detail-seo-copy.ts,local production HTML h1,false,d flat minor 7 chord,20,dbm7 piano,20,83ae1cc2-860b-4772-b640-4d2f8caab6c8.png,2026-09-17,,UNCHECKED,SAME_ENTITY_LABEL_ALIGNMENT|COPY_ENGINEERING_FINGERING,"D♭m7 Chord: Piano Notes, Inversions, Sound & PDF | PianoGrid",D♭m7 Chord,"Learn the D♭m7 chord on piano: D♭, F♭, A♭ and C♭. See keyboard diagrams, explore inversions, hear the chord and practice finding its notes.","D♭m7, also called D♭ minor seventh, contains D♭, F♭, A♭ and C♭. Use the piano diagram to find the notes, hear the chord and explore its inversions.",D♭m7 Chord,D♭m7 Chord,A d♭ minor seventh is a minor triad plus a minor seventh.,No independently authorized fingering dataset is provided for N2C.,,,,,,,,"Fingerings are not included on this page. The diagram shows note positions, not a prescribed hand shape.",Same chordId/symbol. Short label D♭m7 Chord applied locally via CHORD_DETAIL_SEO_COPY and editorial mapping. Music name/notes/URL unchanged. Not committed or published. Seed proposed_display_label=D♭m7 Chord.,APPLIED_LOCAL,true,false,true,true,true,true,false
/chords/d-flat-m7-flat5,d-flat-m7-flat5,halfDiminished7,D♭ Half-Diminished Seventh,D♭m7♭5,D♭ Half-Diminished Seventh Piano Chord (D♭m7♭5): Notes & Inversions,D♭ Half-Diminished Seventh Piano Chord,"Find the d♭ half-diminished seventh chord on piano: D♭, F♭, A𝄫, C♭. See four positions, keyboard notes, sound and a printable reference.","The D♭ Half-Diminished Seventh chord contains D♭, F♭, A𝄫, C♭. Formula: 1–♭3–♭5–♭7.",local production HTML,local production HTML h1,false,,,,,,,,UNCHECKED,CONTENT_REVIEW|SAME_ENTITY_LABEL_ALIGNMENT|COPY_ENGINEERING_FINGERING,,,,,D♭ Half-Diminished Seventh,D♭ Half-Diminished Seventh,A d♭ half-diminished seventh is a diminished triad plus a minor seventh.,No independently authorized fingering dataset is provided for N2C.,,,,,,,,"Fingerings are not included on this page. The diagram shows note positions, not a prescribed hand shape.",Five no-positive URLs keep current service and copy this round.,HOLD_PRODUCT_REVIEW,false,false,true,true,true,true,false
/chords/d-flat-madd9,d-flat-madd9,minorAdd9,D-flat minor add9,D♭m(add9),"D♭m(add9) Piano Chord: Notes, Voicings & Practice | PianoGrid",D♭m(add9) Piano Chord,"Find D♭m(add9) notes (D♭, F♭, A♭, E♭), compare two keyboard layouts, hear each one and practise chord tones or an exact voicing.","D♭m(add9) contains D♭, F♭, A♭, E♭. Use 1–♭3–5–9 and do not add a seventh.",local production HTML,local production HTML h1,false,,,,,,,,UNCHECKED,CONTENT_REVIEW|ALREADY_CLEAR,,,,,D-flat minor add9,D-flat minor add9,"Use D♭, F♭, A♭, E♭. The formula is 1–♭3–5–9. Keep the F♭ third: removing it changes the note collection to a suspended shape. The list above names the chord members. For a specific register, read the octave numbers on the selected example below. Start with D♭3 – F♭3 – A♭3 – E♭4. Then switch to D♭3 – E♭3 – F♭3 – A♭3. The E♭ moves down one octave while the other three notes stay in place. Both examples keep D♭ as the lowest note. This comparison changes spacing, not the bass. It is a pair of reference examples, not a complete inversion catalogue. Here, the higher layout is labelled D♭m(add9); the inside-the-triad layout is shown with the D♭m(add2) notation hint. This follows the textbook illustration, not a claim that every player uses the labels identically. Musicca also lists add2 as an alternative add9 label. For an exact arrangement, use the written pitches or score. For a note-identification exercise, separate the chord members from their octaves. This page's complete added-note examples include the third and no seventh. A ninth-chord formula includes a seventh; a sus2 collection omits the third. Compare the note lists, not just the number 9 in a symbol. This formula needs F♭ (the E key). The displayed letter names follow the degree spelling; the keyboard highlight follows the sounding pitch. Octave numbers such as C4 locate a register. They are separate from scale degrees and finger numbers. First choose the four note names in D♭m(add9), in any octave. Next select Match this example and reproduce the specific notes displayed. Correct chord tones in different octaves should receive a spacing hint, not a message that the chord itself is wrong. These browser exercises check your selection on this page, not a performance on an acoustic piano. Fingerings are not supplied; the diagrams are not a prescribed one-hand stretch. The reference brings together the formula, both keyboard layouts and their octave labels. Use it beside your keyboard when comparing the two examples.",,,,,,,,,,Five no-positive URLs keep current service and copy this round.,HOLD_PRODUCT_REVIEW,false,false,false,false,true,true,false
/chords/d-flat-maj7,d-flat-maj7,major7,D♭ Major Seventh,D♭maj7,"D♭maj7 Chord: Piano Notes, Inversions, Sound & PDF | PianoGrid",D♭maj7 Chord,"Learn the D♭maj7 chord on piano: D♭, F, A♭ and C. See keyboard diagrams, explore inversions, hear the chord and practice finding its notes.","D♭maj7, also called D♭ major seventh, contains D♭, F, A♭ and C. Use the piano diagram to find the notes, hear the chord and explore its inversions.",local production HTML + chord-detail-seo-copy.ts,local production HTML h1,false,dbmaj7 chord,40,,,6799485e-be24-41c3-98ca-f6ca2f2975a6.png,2026-09-17,,UNCHECKED,SAME_ENTITY_LABEL_ALIGNMENT|COPY_ENGINEERING_FINGERING,"D♭maj7 Chord: Piano Notes, Inversions, Sound & PDF | PianoGrid",D♭maj7 Chord,"Learn the D♭maj7 chord on piano: D♭, F, A♭ and C. See keyboard diagrams, explore inversions, hear the chord and practice finding its notes.","D♭maj7, also called D♭ major seventh, contains D♭, F, A♭ and C. Use the piano diagram to find the notes, hear the chord and explore its inversions.",D♭maj7 Chord,D♭maj7 Chord,A d♭ major seventh is a major triad plus a major seventh.,No independently authorized fingering dataset is provided for N2C.,,,,,,,,"Fingerings are not included on this page. The diagram shows note positions, not a prescribed hand shape.",Same chordId/symbol. Short label D♭maj7 Chord applied locally via CHORD_DETAIL_SEO_COPY and editorial mapping. Music name/notes/URL unchanged. Not committed or published. Seed proposed_display_label=D♭maj7 Chord.,APPLIED_LOCAL,true,false,true,true,true,true,false
/chords/d-flat-major,d-flat-major,major,D-flat Major,D♭,"D-flat Major Piano Chord (D♭): Notes, Inversions & PDF",D-flat Major Piano Chord,"Find the d-flat major chord on piano: D♭, F, A♭. See keyboard positions, compare three inversions, hear the notes and print a reference.","The D-flat Major chord contains D♭, F, A♭. Its formula is 1–3–5.",local production HTML,local production HTML h1,false,d flat major chord,880,,,b52715f1-e57e-416e-be83-077fcec17be6.png,2026-09-17,,UNCHECKED,ALREADY_CLEAR,,,,,D-flat Major,D-flat Major,,,,,,,,,,,Current short or natural name is already clear; not a mechanical Piano-word rewrite.,NO_TDH_CHANGE,false,false,false,false,true,true,false
/chords/d-flat-sus2,d-flat-sus2,sus2,D♭ Suspended 2nd,D♭sus2,"D♭sus2 Chord: Piano Notes, Inversions, Sound & PDF | PianoGrid",D♭sus2 Chord,"Learn the D♭sus2 chord on piano: D♭, E♭ and A♭. See keyboard diagrams, explore inversions, hear the chord and practice finding its notes.","D♭sus2, also called D♭ suspended second, contains D♭, E♭ and A♭. Use the piano diagram to find the notes, hear the chord and explore its inversions.",local production HTML + chord-detail-seo-copy.ts,local production HTML h1,false,dbsus2,20,,,c558ba69-a4e7-4194-9d7a-dbaf06ecc1e8.png,2026-09-18,,UNCHECKED,SAME_ENTITY_LABEL_ALIGNMENT,"D♭sus2 Chord: Piano Notes, Inversions, Sound & PDF | PianoGrid",D♭sus2 Chord,"Learn the D♭sus2 chord on piano: D♭, E♭ and A♭. See keyboard diagrams, explore inversions, hear the chord and practice finding its notes.","D♭sus2, also called D♭ suspended second, contains D♭, E♭ and A♭. Use the piano diagram to find the notes, hear the chord and explore its inversions.",D♭sus2 Chord,D♭sus2 Chord,The d♭ suspended 2nd chord replaces the third with a major second.,No independent fingering dataset is authorized for N2B.,,,,,,,,,Same chordId/symbol. Short label D♭sus2 Chord applied locally via CHORD_DETAIL_SEO_COPY and editorial mapping. Music name/notes/URL unchanged. Not committed or published. Seed proposed_display_label=D♭sus2 Chord.,APPLIED_LOCAL,true,false,false,true,true,true,false
/chords/d-flat-sus4,d-flat-sus4,sus4,D♭ Suspended 4th,D♭sus4,"D♭sus4 Chord: Piano Notes, Inversions, Sound & PDF | PianoGrid",D♭sus4 Chord,"Learn the D♭sus4 chord on piano: D♭, G♭ and A♭. See keyboard diagrams, explore inversions, hear the chord and practice finding its notes.","D♭sus4, also called D♭ suspended fourth, contains D♭, G♭ and A♭. Use the piano diagram to find the notes, hear the chord and explore its inversions.",local production HTML + chord-detail-seo-copy.ts,local production HTML h1,false,dbsus4,20,dbsus4 piano,20,c558ba69-a4e7-4194-9d7a-dbaf06ecc1e8.png,2026-09-18,,UNCHECKED,SAME_ENTITY_LABEL_ALIGNMENT,"D♭sus4 Chord: Piano Notes, Inversions, Sound & PDF | PianoGrid",D♭sus4 Chord,"Learn the D♭sus4 chord on piano: D♭, G♭ and A♭. See keyboard diagrams, explore inversions, hear the chord and practice finding its notes.","D♭sus4, also called D♭ suspended fourth, contains D♭, G♭ and A♭. Use the piano diagram to find the notes, hear the chord and explore its inversions.",D♭sus4 Chord,D♭sus4 Chord,The d♭ suspended 4th chord replaces the third with a perfect fourth.,No independent fingering dataset is authorized for N2B.,,,,,,,,,Same chordId/symbol. Short label D♭sus4 Chord applied locally via CHORD_DETAIL_SEO_COPY and editorial mapping. Music name/notes/URL unchanged. Not committed or published. Seed proposed_display_label=D♭sus4 Chord.,APPLIED_LOCAL,true,false,false,true,true,true,false
/chords/d-m7,d-m7,minor7,D Minor Seventh,Dm7,"Dm7 Chord: Piano Notes, Inversions, Sound & PDF | PianoGrid",Dm7 Chord,"Learn the Dm7 chord on piano: D, F, A and C. See keyboard diagrams, explore inversions, hear the chord and practice finding its notes.","Dm7, also called D minor seventh, contains D, F, A and C. Use the piano diagram to find the notes, hear the chord and explore its inversions.",local production HTML + chord-detail-seo-copy.ts,local production HTML h1,false,dm7 chord,3600,,,01c176a1-3f22-4499-84e8-03abc737972e.png,2026-09-17,,UNCHECKED,SAME_ENTITY_LABEL_ALIGNMENT|COPY_ARTICLE_CASE|COPY_ENGINEERING_FINGERING,"Dm7 Chord: Piano Notes, Inversions, Sound & PDF | PianoGrid",Dm7 Chord,"Learn the Dm7 chord on piano: D, F, A and C. See keyboard diagrams, explore inversions, hear the chord and practice finding its notes.","Dm7, also called D minor seventh, contains D, F, A and C. Use the piano diagram to find the notes, hear the chord and explore its inversions.",Dm7 Chord,Dm7 Chord,A d minor seventh is a minor triad plus a minor seventh.,No independently authorized fingering dataset is provided for N2C.,,,,,,,,"Fingerings are not included on this page. The diagram shows note positions, not a prescribed hand shape.",Same chordId/symbol. Short label Dm7 Chord applied locally via CHORD_DETAIL_SEO_COPY and editorial mapping. Music name/notes/URL unchanged. Not committed or published. Seed proposed_display_label=Dm7 Chord.,APPLIED_LOCAL,true,true,true,true,true,true,false
/chords/d-m7-flat5,d-m7-flat5,halfDiminished7,D Half-Diminished Seventh,Dm7♭5,"D Half-Diminished Chord (Dm7♭5): Piano Notes, Inversions, Sound & PDF",D Half-Diminished Chord (Dm7♭5),"Learn the D Half-Diminished Chord (Dm7♭5) on piano: D, F, A♭ and C. See keyboard diagrams, explore inversions and hear the chord.","D Half-Diminished Chord (Dm7♭5) contains D, F, A♭ and C. The compact symbol Dm7♭5 names the same chord. Use the piano diagram to find the notes, hear the chord and explore its inversions.",local production HTML + chord-detail-seo-copy.ts,local production HTML h1,false,d half diminished chord,110,,,83ae1cc2-860b-4772-b640-4d2f8caab6c8.png,2026-09-17,,UNCHECKED,SAME_ENTITY_LABEL_ALIGNMENT|COPY_ENGINEERING_FINGERING,"D Half-Diminished Chord (Dm7♭5): Piano Notes, Inversions, Sound & PDF",D Half-Diminished Chord (Dm7♭5),"Learn the D Half-Diminished Chord (Dm7♭5) on piano: D, F, A♭ and C. See keyboard diagrams, explore inversions and hear the chord.","D Half-Diminished Chord (Dm7♭5) contains D, F, A♭ and C. The compact symbol Dm7♭5 names the same chord. Use the piano diagram to find the notes, hear the chord and explore its inversions.",D Half-Diminished Chord (Dm7♭5),D Half-Diminished Chord (Dm7♭5),A d half-diminished seventh is a diminished triad plus a minor seventh.,No independently authorized fingering dataset is provided for N2C.,,,,,,,,"Fingerings are not included on this page. The diagram shows note positions, not a prescribed hand shape.",Same chordId/symbol. Short label D Half-Diminished Chord (Dm7♭5) applied locally via CHORD_DETAIL_SEO_COPY and editorial mapping. Music name/notes/URL unchanged. Not committed or published. Seed proposed_display_label=D Half-Diminished Chord (Dm7♭5).,APPLIED_LOCAL,true,false,true,true,true,true,false
/chords/d-madd9,d-madd9,minorAdd9,D minor add9,Dm(add9),"Dm(add9) Piano Chord: Notes, Voicings & Practice | PianoGrid",Dm(add9) Piano Chord,"Find Dm(add9) notes (D, F, A, E), compare two keyboard layouts, hear each one and practise chord tones or an exact voicing.","Dm(add9) contains D, F, A, E. Use 1–♭3–5–9 and do not add a seventh.",local production HTML,local production HTML h1,false,dmadd9 chord,20,dm(add9) piano,20,7dfad5a6-183f-471c-8402-b0b4cef71285.png,2026-09-17,,UNCHECKED,ALREADY_CLEAR,,,,,D minor add9,D minor add9,"Use D, F, A, E. The formula is 1–♭3–5–9. Keep the F third: removing it changes the note collection to a suspended shape. The list above names the chord members. For a specific register, read the octave numbers on the selected example below. Start with D3 – F3 – A3 – E4. Then switch to D3 – E3 – F3 – A3. The E moves down one octave while the other three notes stay in place. Both examples keep D as the lowest note. This comparison changes spacing, not the bass. It is a pair of reference examples, not a complete inversion catalogue. Here, the higher layout is labelled Dm(add9); the inside-the-triad layout is shown with the Dm(add2) notation hint. This follows the textbook illustration, not a claim that every player uses the labels identically. Musicca also lists add2 as an alternative add9 label. For an exact arrangement, use the written pitches or score. For a note-identification exercise, separate the chord members from their octaves. This page's complete added-note examples include the third and no seventh. A ninth-chord formula includes a seventh; a sus2 collection omits the third. Compare the note lists, not just the number 9 in a symbol. Read D, F, A, E as four chord members. The E is the added member; it is not a finger number or a new key signature. Octave numbers such as C4 locate a register. They are separate from scale degrees and finger numbers. First choose the four note names in Dm(add9), in any octave. Next select Match this example and reproduce the specific notes displayed. Correct chord tones in different octaves should receive a spacing hint, not a message that the chord itself is wrong. These browser exercises check your selection on this page, not a performance on an acoustic piano. Fingerings are not supplied; the diagrams are not a prescribed one-hand stretch. The reference brings together the formula, both keyboard layouts and their octave labels. Use it beside your keyboard when comparing the two examples.",,,,,,,,,,Current short or natural name is already clear; not a mechanical Piano-word rewrite.,NO_TDH_CHANGE,false,false,false,false,true,true,false
/chords/d-maj7,d-maj7,major7,D Major Seventh,Dmaj7,"Dmaj7 Chord: Piano Notes, Inversions, Sound & PDF | PianoGrid",Dmaj7 Chord,"Learn the Dmaj7 chord on piano: D, F♯, A and C♯. See keyboard diagrams, explore inversions, hear the chord and practice finding its notes.","Dmaj7, also called D major seventh, contains D, F♯, A and C♯. Use the piano diagram to find the notes, hear the chord and explore its inversions.",local production HTML + chord-detail-seo-copy.ts,local production HTML h1,false,dmaj7 chord,720,,,b52715f1-e57e-416e-be83-077fcec17be6.png,2026-09-17,,UNCHECKED,SAME_ENTITY_LABEL_ALIGNMENT|COPY_ARTICLE_CASE|COPY_ENGINEERING_FINGERING,"Dmaj7 Chord: Piano Notes, Inversions, Sound & PDF | PianoGrid",Dmaj7 Chord,"Learn the Dmaj7 chord on piano: D, F♯, A and C♯. See keyboard diagrams, explore inversions, hear the chord and practice finding its notes.","Dmaj7, also called D major seventh, contains D, F♯, A and C♯. Use the piano diagram to find the notes, hear the chord and explore its inversions.",Dmaj7 Chord,Dmaj7 Chord,A d major seventh is a major triad plus a major seventh.,No independently authorized fingering dataset is provided for N2C.,,,,,,,,"Fingerings are not included on this page. The diagram shows note positions, not a prescribed hand shape.",Same chordId/symbol. Short label Dmaj7 Chord applied locally via CHORD_DETAIL_SEO_COPY and editorial mapping. Music name/notes/URL unchanged. Not committed or published. Seed proposed_display_label=Dmaj7 Chord.,APPLIED_LOCAL,true,true,true,true,true,true,false
/chords/d-major,d-major,major,D Major,D,"D Major Piano Chord (D): Notes, Inversions & PDF | PianoGrid",D Major Piano Chord,"Find the D major chord on piano: D, F♯, A. See keyboard positions, compare three inversions, hear the notes and print a reference.","The D Major chord contains D, F♯, A. Its formula is 1–3–5.",local production HTML,local production HTML h1,false,d major chord,4400,,,01c176a1-3f22-4499-84e8-03abc737972e.png,2026-09-17,,UNCHECKED,ALREADY_CLEAR,,,,,D Major,D Major,,,,,,,,,,,Current short or natural name is already clear; not a mechanical Piano-word rewrite.,NO_TDH_CHANGE,false,false,false,false,true,true,false
/chords/d-minor,d-minor,minor,D Minor,Dm,"D Minor Chord – Piano Notes, Fingering & Inversions | PianoGrid",D Minor Chord,"Learn the D minor chord on piano, including the notes D–F–A, fingering, keyboard positions, root position, and inversions.","The D Minor chord contains D, F, A. Its formula is 1–♭3–5.",local production HTML + seo-editorial.ts,local production HTML h1,true,d minor chord,12100,d minor chord piano,4400,c45756ea-7b7c-4586-a97c-6d2dc1340942.png,2026-09-17,,UNCHECKED,UPSTREAM_PROTECTED,,,,,D Minor Chord,D Minor Chord,,,,,,,,,,,Approved eight-page TDH from 5fa6cb6 is integrated and kept. Task 11 did not overwrite these fields.,UPSTREAM_PROTECTED,false,false,false,false,true,true,false
/chords/d-sus2,d-sus2,sus2,D Suspended 2nd,Dsus2,"Dsus2 Chord: Piano Notes, Inversions, Sound & PDF | PianoGrid",Dsus2 Chord,"Learn the Dsus2 chord on piano: D, E and A. See keyboard diagrams, explore inversions, hear the chord and practice finding its notes.","Dsus2, also called D suspended second, contains D, E and A. Use the piano diagram to find the notes, hear the chord and explore its inversions.",local production HTML + chord-detail-seo-copy.ts,local production HTML h1,false,dsus2 chord,390,,,a60b623a-fe4d-4ce9-b831-ad52fbc1aa2e.png,2026-09-17,,UNCHECKED,SAME_ENTITY_LABEL_ALIGNMENT,"Dsus2 Chord: Piano Notes, Inversions, Sound & PDF | PianoGrid",Dsus2 Chord,"Learn the Dsus2 chord on piano: D, E and A. See keyboard diagrams, explore inversions, hear the chord and practice finding its notes.","Dsus2, also called D suspended second, contains D, E and A. Use the piano diagram to find the notes, hear the chord and explore its inversions.",Dsus2 Chord,Dsus2 Chord,The d suspended 2nd chord replaces the third with a major second.,No independent fingering dataset is authorized for N2B.,,,,,,,,,Same chordId/symbol. Short label Dsus2 Chord applied locally via CHORD_DETAIL_SEO_COPY and editorial mapping. Music name/notes/URL unchanged. Not committed or published. Seed proposed_display_label=Dsus2 Chord.,APPLIED_LOCAL,true,false,false,true,true,true,false
/chords/d-sus4,d-sus4,sus4,D Suspended 4th,Dsus4,"Dsus4 Chord: Piano Notes, Inversions, Sound & PDF | PianoGrid",Dsus4 Chord,"Learn the Dsus4 chord on piano: D, G and A. See keyboard diagrams, explore inversions, hear the chord and practice finding its notes.","Dsus4, also called D suspended fourth, contains D, G and A. Use the piano diagram to find the notes, hear the chord and explore its inversions.",local production HTML + chord-detail-seo-copy.ts,local production HTML h1,false,dsus4 chord,390,,,a60b623a-fe4d-4ce9-b831-ad52fbc1aa2e.png,2026-09-17,,UNCHECKED,SAME_ENTITY_LABEL_ALIGNMENT,"Dsus4 Chord: Piano Notes, Inversions, Sound & PDF | PianoGrid",Dsus4 Chord,"Learn the Dsus4 chord on piano: D, G and A. See keyboard diagrams, explore inversions, hear the chord and practice finding its notes.","Dsus4, also called D suspended fourth, contains D, G and A. Use the piano diagram to find the notes, hear the chord and explore its inversions.",Dsus4 Chord,Dsus4 Chord,The d suspended 4th chord replaces the third with a perfect fourth.,No independent fingering dataset is authorized for N2B.,,,,,,,,,Same chordId/symbol. Short label Dsus4 Chord applied locally via CHORD_DETAIL_SEO_COPY and editorial mapping. Music name/notes/URL unchanged. Not committed or published. Seed proposed_display_label=Dsus4 Chord.,APPLIED_LOCAL,true,false,false,true,true,true,false
/chords/e-7,e-7,dominant7,E Dominant Seventh,E7,"E7 Chord: Piano Notes, Inversions, Sound & PDF | PianoGrid",E7 Chord,"Learn the E7 chord on piano: E, G♯, B and D. See keyboard diagrams, explore inversions, hear the chord and practice finding its notes.","E7, also called E dominant seventh, contains E, G♯, B and D. Use the piano diagram to find the notes, hear the chord and explore its inversions.",local production HTML + chord-detail-seo-copy.ts,local production HTML h1,false,e7 chord,6600,,,c45756ea-7b7c-4586-a97c-6d2dc1340942.png,2026-09-17,,UNCHECKED,SAME_ENTITY_LABEL_ALIGNMENT|COPY_ARTICLE_CASE|COPY_ENGINEERING_FINGERING,"E7 Chord: Piano Notes, Inversions, Sound & PDF | PianoGrid",E7 Chord,"Learn the E7 chord on piano: E, G♯, B and D. See keyboard diagrams, explore inversions, hear the chord and practice finding its notes.","E7, also called E dominant seventh, contains E, G♯, B and D. Use the piano diagram to find the notes, hear the chord and explore its inversions.",E7 Chord,E7 Chord,A e dominant seventh is a major triad plus a minor seventh.,No independently authorized fingering dataset is provided for N2C.,,,,,,,,"Fingerings are not included on this page. The diagram shows note positions, not a prescribed hand shape.",Same chordId/symbol. Short label E7 Chord applied locally via CHORD_DETAIL_SEO_COPY and editorial mapping. Music name/notes/URL unchanged. Not committed or published. Seed proposed_display_label=E7 Chord.,APPLIED_LOCAL,true,true,true,true,true,true,false
/chords/e-add9,e-add9,add9,E add9,Eadd9,"Eadd9 Piano Chord: Notes, Voicings & Practice | PianoGrid",Eadd9 Piano Chord,"Find Eadd9 notes (E, G♯, B, F♯), compare two keyboard layouts, hear each one and practise chord tones or an exact voicing.","Eadd9 contains E, G♯, B, F♯. Use 1–3–5–9 and do not add a seventh.",local production HTML,local production HTML h1,false,eadd9 chord,30,,,9647961e-4ab8-4675-bb14-e10b51c8982c.png,2026-09-17,,UNCHECKED,ALREADY_CLEAR,,,,,E add9,E add9,"Use E, G♯, B, F♯. The formula is 1–3–5–9. Keep the G♯ third: removing it changes the note collection to a suspended shape. The list above names the chord members. For a specific register, read the octave numbers on the selected example below. Start with E3 – G♯3 – B3 – F♯4. Then switch to E3 – F♯3 – G♯3 – B3. The F♯ moves down one octave while the other three notes stay in place. Both examples keep E as the lowest note. This comparison changes spacing, not the bass. It is a pair of reference examples, not a complete inversion catalogue. Here, the higher layout is labelled Eadd9; the inside-the-triad layout is shown with the Eadd2 notation hint. This follows the textbook illustration, not a claim that every player uses the labels identically. Musicca also lists add2 as an alternative add9 label. For an exact arrangement, use the written pitches or score. For a note-identification exercise, separate the chord members from their octaves. This page's complete added-note examples include the third and no seventh. A ninth-chord formula includes a seventh; a sus2 collection omits the third. Compare the note lists, not just the number 9 in a symbol. Read E, G♯, B, F♯ as four chord members. The F♯ is the added member; it is not a finger number or a new key signature. Octave numbers such as C4 locate a register. They are separate from scale degrees and finger numbers. First choose the four note names in Eadd9, in any octave. Next select Match this example and reproduce the specific notes displayed. Correct chord tones in different octaves should receive a spacing hint, not a message that the chord itself is wrong. These browser exercises check your selection on this page, not a performance on an acoustic piano. Fingerings are not supplied; the diagrams are not a prescribed one-hand stretch. The reference brings together the formula, both keyboard layouts and their octave labels. Use it beside your keyboard when comparing the two examples.",,,,,,,,,,Current short or natural name is already clear; not a mechanical Piano-word rewrite.,NO_TDH_CHANGE,false,false,false,false,true,true,false
/chords/e-augmented,e-augmented,augmented,E Augmented,Eaug,E Augmented Piano Chord (Eaug): Notes & Inversions | PianoGrid,E Augmented Piano Chord,"Find the E augmented chord on piano: E, G♯, B♯. See three keyboard positions, sound and a printable reference.","The E Augmented chord contains E, G♯, B♯. Formula: 1–3–♯5.",local production HTML,local production HTML h1,false,e augmented chord,320,,,a60b623a-fe4d-4ce9-b831-ad52fbc1aa2e.png,2026-09-17,,UNCHECKED,ALREADY_CLEAR,,,,,E Augmented,E Augmented,"The e augmented triad uses a root, major third and augmented fifth.",No independent fingering dataset is authorized for N2B.,,,,,,,,,Current short or natural name is already clear; not a mechanical Piano-word rewrite.,NO_TDH_CHANGE,false,false,false,false,true,true,false
/chords/e-diminished,e-diminished,diminished,E Diminished,Edim,E Diminished Piano Chord (Edim): Notes & Inversions | PianoGrid,E Diminished Piano Chord,"Find the E diminished chord on piano: E, G, B♭. See three keyboard positions, sound and a printable reference.","The E Diminished chord contains E, G, B♭. Formula: 1–♭3–♭5.",local production HTML,local production HTML h1,false,e diminished chord,1300,,,0d26efa8-bf8c-4209-bd71-cad9933ce78c.png,2026-09-17,,UNCHECKED,ALREADY_CLEAR,,,,,E Diminished,E Diminished,"The e diminished triad uses a root, minor third and diminished fifth.",No independent fingering dataset is authorized for N2B.,,,,,,,,,Current short or natural name is already clear; not a mechanical Piano-word rewrite.,NO_TDH_CHANGE,false,false,false,false,true,true,false
/chords/e-flat-7,e-flat-7,dominant7,E♭ Dominant Seventh,E♭7,"E♭7 Chord: Piano Notes, Inversions, Sound & PDF | PianoGrid",E♭7 Chord,"Learn the E♭7 chord on piano: E♭, G, B♭ and D♭. See keyboard diagrams, explore inversions, hear the chord and practice finding its notes.","E♭7, also called E♭ dominant seventh, contains E♭, G, B♭ and D♭. Use the piano diagram to find the notes, hear the chord and explore its inversions.",local production HTML + chord-detail-seo-copy.ts,local production HTML h1,false,eb7 chord,390,,,b52715f1-e57e-416e-be83-077fcec17be6.png,2026-09-17,,UNCHECKED,SAME_ENTITY_LABEL_ALIGNMENT|COPY_ENGINEERING_FINGERING,"E♭7 Chord: Piano Notes, Inversions, Sound & PDF | PianoGrid",E♭7 Chord,"Learn the E♭7 chord on piano: E♭, G, B♭ and D♭. See keyboard diagrams, explore inversions, hear the chord and practice finding its notes.","E♭7, also called E♭ dominant seventh, contains E♭, G, B♭ and D♭. Use the piano diagram to find the notes, hear the chord and explore its inversions.",E♭7 Chord,E♭7 Chord,A e♭ dominant seventh is a major triad plus a minor seventh.,No independently authorized fingering dataset is provided for N2C.,,,,,,,,"Fingerings are not included on this page. The diagram shows note positions, not a prescribed hand shape.",Same chordId/symbol. Short label E♭7 Chord applied locally via CHORD_DETAIL_SEO_COPY and editorial mapping. Music name/notes/URL unchanged. Not committed or published. Seed proposed_display_label=E♭7 Chord.,APPLIED_LOCAL,true,false,true,true,true,true,false
/chords/e-flat-add9,e-flat-add9,add9,E-flat add9,E♭add9,"E♭add9 Piano Chord: Notes, Voicings & Practice | PianoGrid",E♭add9 Piano Chord,"Find E♭add9 notes (E♭, G, B♭, F), compare two keyboard layouts, hear each one and practise chord tones or an exact voicing.","E♭add9 contains E♭, G, B♭, F. Use 1–3–5–9 and do not add a seventh.",local production HTML,local production HTML h1,false,ebadd9 chord,20,ebadd9 piano,20,c884c0fa-0b7d-448d-8b50-40f1d4bcb882.png,2026-09-17,,UNCHECKED,ALREADY_CLEAR,,,,,E-flat add9,E-flat add9,"Use E♭, G, B♭, F. The formula is 1–3–5–9. Keep the G third: removing it changes the note collection to a suspended shape. The list above names the chord members. For a specific register, read the octave numbers on the selected example below. Start with E♭3 – G3 – B♭3 – F4. Then switch to E♭3 – F3 – G3 – B♭3. The F moves down one octave while the other three notes stay in place. Both examples keep E♭ as the lowest note. This comparison changes spacing, not the bass. It is a pair of reference examples, not a complete inversion catalogue. Here, the higher layout is labelled E♭add9; the inside-the-triad layout is shown with the E♭add2 notation hint. This follows the textbook illustration, not a claim that every player uses the labels identically. Musicca also lists add2 as an alternative add9 label. For an exact arrangement, use the written pitches or score. For a note-identification exercise, separate the chord members from their octaves. This page's complete added-note examples include the third and no seventh. A ninth-chord formula includes a seventh; a sus2 collection omits the third. Compare the note lists, not just the number 9 in a symbol. Read E♭, G, B♭, F as four chord members. The F is the added member; it is not a finger number or a new key signature. Octave numbers such as C4 locate a register. They are separate from scale degrees and finger numbers. First choose the four note names in E♭add9, in any octave. Next select Match this example and reproduce the specific notes displayed. Correct chord tones in different octaves should receive a spacing hint, not a message that the chord itself is wrong. These browser exercises check your selection on this page, not a performance on an acoustic piano. Fingerings are not supplied; the diagrams are not a prescribed one-hand stretch. The reference brings together the formula, both keyboard layouts and their octave labels. Use it beside your keyboard when comparing the two examples.",,,,,,,,,,Current short or natural name is already clear; not a mechanical Piano-word rewrite.,NO_TDH_CHANGE,false,false,false,false,true,true,false
/chords/e-flat-augmented,e-flat-augmented,augmented,E♭ Augmented,E♭aug,E♭ Augmented Piano Chord (E♭aug): Notes & Inversions | PianoGrid,E♭ Augmented Piano Chord,"Find the e♭ augmented chord on piano: E♭, G, B. See three keyboard positions, sound and a printable reference.","The E♭ Augmented chord contains E♭, G, B. Formula: 1–3–♯5.",local production HTML,local production HTML h1,false,e flat augmented chord,70,ebaug piano,20,9647961e-4ab8-4675-bb14-e10b51c8982c.png,2026-09-17,,UNCHECKED,ALREADY_CLEAR,,,,,E♭ Augmented,E♭ Augmented,"The e♭ augmented triad uses a root, major third and augmented fifth.",No independent fingering dataset is authorized for N2B.,,,,,,,,,Current short or natural name is already clear; not a mechanical Piano-word rewrite.,NO_TDH_CHANGE,false,false,false,false,true,true,false
/chords/e-flat-diminished,e-flat-diminished,diminished,E♭ Diminished,E♭dim,E♭ Diminished Piano Chord (E♭dim): Notes & Inversions,E♭ Diminished Piano Chord,"Find the e♭ diminished chord on piano: E♭, G♭, B𝄫. See three keyboard positions, sound and a printable reference.","The E♭ Diminished chord contains E♭, G♭, B𝄫. Formula: 1–♭3–♭5.",local production HTML,local production HTML h1,false,e flat diminished chord,390,,,a60b623a-fe4d-4ce9-b831-ad52fbc1aa2e.png,2026-09-17,,UNCHECKED,ALREADY_CLEAR,,,,,E♭ Diminished,E♭ Diminished,"The e♭ diminished triad uses a root, minor third and diminished fifth.",No independent fingering dataset is authorized for N2B.,,,,,,,,,Current short or natural name is already clear; not a mechanical Piano-word rewrite.,NO_TDH_CHANGE,false,false,false,false,true,true,false
/chords/e-flat-m7,e-flat-m7,minor7,E♭ Minor Seventh,E♭m7,"E♭m7 Chord: Piano Notes, Inversions, Sound & PDF | PianoGrid",E♭m7 Chord,"Learn the E♭m7 chord on piano: E♭, G♭, B♭ and D♭. See keyboard diagrams, explore inversions, hear the chord and practice finding its notes.","E♭m7, also called E♭ minor seventh, contains E♭, G♭, B♭ and D♭. Use the piano diagram to find the notes, hear the chord and explore its inversions.",local production HTML + chord-detail-seo-copy.ts,local production HTML h1,false,ebm7 chord,140,,,6799485e-be24-41c3-98ca-f6ca2f2975a6.png,2026-09-17,,UNCHECKED,SAME_ENTITY_LABEL_ALIGNMENT|COPY_ENGINEERING_FINGERING,"E♭m7 Chord: Piano Notes, Inversions, Sound & PDF | PianoGrid",E♭m7 Chord,"Learn the E♭m7 chord on piano: E♭, G♭, B♭ and D♭. See keyboard diagrams, explore inversions, hear the chord and practice finding its notes.","E♭m7, also called E♭ minor seventh, contains E♭, G♭, B♭ and D♭. Use the piano diagram to find the notes, hear the chord and explore its inversions.",E♭m7 Chord,E♭m7 Chord,A e♭ minor seventh is a minor triad plus a minor seventh.,No independently authorized fingering dataset is provided for N2C.,,,,,,,,"Fingerings are not included on this page. The diagram shows note positions, not a prescribed hand shape.",Same chordId/symbol. Short label E♭m7 Chord applied locally via CHORD_DETAIL_SEO_COPY and editorial mapping. Music name/notes/URL unchanged. Not committed or published. Seed proposed_display_label=E♭m7 Chord.,APPLIED_LOCAL,true,false,true,true,true,true,false
/chords/e-flat-m7-flat5,e-flat-m7-flat5,halfDiminished7,E♭ Half-Diminished Seventh,E♭m7♭5,"E♭ Half-Diminished Chord (E♭m7♭5): Piano Notes, Inversions, Sound & PDF",E♭ Half-Diminished Chord (E♭m7♭5),"Learn the E♭ Half-Diminished Chord (E♭m7♭5) on piano: E♭, G♭, B𝄫 and D♭. See keyboard diagrams, explore inversions and hear the chord.","E♭ Half-Diminished Chord (E♭m7♭5) contains E♭, G♭, B𝄫 and D♭. The compact symbol E♭m7♭5 names the same chord. Use the piano diagram to find the notes, hear the chord and explore its inversions.",local production HTML + chord-detail-seo-copy.ts,local production HTML h1,false,ebm7b5,20,,,422be5a4-6957-47d4-866f-6dd91e0635f9.png;abf5f6e3-2c5d-45d0-80d4-a49374d1728e.png,2026-09-18,,UNCHECKED,SAME_ENTITY_LABEL_ALIGNMENT|COPY_ENGINEERING_FINGERING,"E♭ Half-Diminished Chord (E♭m7♭5): Piano Notes, Inversions, Sound & PDF",E♭ Half-Diminished Chord (E♭m7♭5),"Learn the E♭ Half-Diminished Chord (E♭m7♭5) on piano: E♭, G♭, B𝄫 and D♭. See keyboard diagrams, explore inversions and hear the chord.","E♭ Half-Diminished Chord (E♭m7♭5) contains E♭, G♭, B𝄫 and D♭. The compact symbol E♭m7♭5 names the same chord. Use the piano diagram to find the notes, hear the chord and explore its inversions.",E♭ Half-Diminished Chord (E♭m7♭5),E♭ Half-Diminished Chord (E♭m7♭5),A e♭ half-diminished seventh is a diminished triad plus a minor seventh.,No independently authorized fingering dataset is provided for N2C.,,,,,,,,"Fingerings are not included on this page. The diagram shows note positions, not a prescribed hand shape.",Same chordId/symbol. Short label E♭ Half-Diminished Chord (E♭m7♭5) applied locally via CHORD_DETAIL_SEO_COPY and editorial mapping. Music name/notes/URL unchanged. Not committed or published. Seed proposed_display_label=E♭ Half-Diminished Chord (E♭m7♭5).,APPLIED_LOCAL,true,false,true,true,true,true,false
/chords/e-flat-madd9,e-flat-madd9,minorAdd9,E-flat minor add9,E♭m(add9),"E♭m(add9) Piano Chord: Notes, Voicings & Practice | PianoGrid",E♭m(add9) Piano Chord,"Find E♭m(add9) notes (E♭, G♭, B♭, F), compare two keyboard layouts, hear each one and practise chord tones or an exact voicing.","E♭m(add9) contains E♭, G♭, B♭, F. Use 1–♭3–5–9 and do not add a seventh.",local production HTML,local production HTML h1,false,ebmadd9,20,,,c558ba69-a4e7-4194-9d7a-dbaf06ecc1e8.png,2026-09-18,,UNCHECKED,ALREADY_CLEAR,,,,,E-flat minor add9,E-flat minor add9,"Use E♭, G♭, B♭, F. The formula is 1–♭3–5–9. Keep the G♭ third: removing it changes the note collection to a suspended shape. The list above names the chord members. For a specific register, read the octave numbers on the selected example below. Start with E♭3 – G♭3 – B♭3 – F4. Then switch to E♭3 – F3 – G♭3 – B♭3. The F moves down one octave while the other three notes stay in place. Both examples keep E♭ as the lowest note. This comparison changes spacing, not the bass. It is a pair of reference examples, not a complete inversion catalogue. Here, the higher layout is labelled E♭m(add9); the inside-the-triad layout is shown with the E♭m(add2) notation hint. This follows the textbook illustration, not a claim that every player uses the labels identically. Musicca also lists add2 as an alternative add9 label. For an exact arrangement, use the written pitches or score. For a note-identification exercise, separate the chord members from their octaves. This page's complete added-note examples include the third and no seventh. A ninth-chord formula includes a seventh; a sus2 collection omits the third. Compare the note lists, not just the number 9 in a symbol. Read E♭, G♭, B♭, F as four chord members. The F is the added member; it is not a finger number or a new key signature. Octave numbers such as C4 locate a register. They are separate from scale degrees and finger numbers. First choose the four note names in E♭m(add9), in any octave. Next select Match this example and reproduce the specific notes displayed. Correct chord tones in different octaves should receive a spacing hint, not a message that the chord itself is wrong. These browser exercises check your selection on this page, not a performance on an acoustic piano. Fingerings are not supplied; the diagrams are not a prescribed one-hand stretch. The reference brings together the formula, both keyboard layouts and their octave labels. Use it beside your keyboard when comparing the two examples.",,,,,,,,,,Current short or natural name is already clear; not a mechanical Piano-word rewrite.,NO_TDH_CHANGE,false,false,false,false,true,true,false
/chords/e-flat-maj7,e-flat-maj7,major7,E♭ Major Seventh,E♭maj7,"E♭maj7 Chord: Piano Notes, Inversions, Sound & PDF | PianoGrid",E♭maj7 Chord,"Learn the E♭maj7 chord on piano: E♭, G, B♭ and D. See keyboard diagrams, explore inversions, hear the chord and practice finding its notes.","E♭maj7, also called E♭ major seventh, contains E♭, G, B♭ and D. Use the piano diagram to find the notes, hear the chord and explore its inversions.",local production HTML + chord-detail-seo-copy.ts,local production HTML h1,false,ebmaj7 chord,170,,,6799485e-be24-41c3-98ca-f6ca2f2975a6.png,2026-09-17,,UNCHECKED,SAME_ENTITY_LABEL_ALIGNMENT|COPY_ENGINEERING_FINGERING,"E♭maj7 Chord: Piano Notes, Inversions, Sound & PDF | PianoGrid",E♭maj7 Chord,"Learn the E♭maj7 chord on piano: E♭, G, B♭ and D. See keyboard diagrams, explore inversions, hear the chord and practice finding its notes.","E♭maj7, also called E♭ major seventh, contains E♭, G, B♭ and D. Use the piano diagram to find the notes, hear the chord and explore its inversions.",E♭maj7 Chord,E♭maj7 Chord,A e♭ major seventh is a major triad plus a major seventh.,No independently authorized fingering dataset is provided for N2C.,,,,,,,,"Fingerings are not included on this page. The diagram shows note positions, not a prescribed hand shape.",Same chordId/symbol. Short label E♭maj7 Chord applied locally via CHORD_DETAIL_SEO_COPY and editorial mapping. Music name/notes/URL unchanged. Not committed or published. Seed proposed_display_label=E♭maj7 Chord.,APPLIED_LOCAL,true,false,true,true,true,true,false
/chords/e-flat-major,e-flat-major,major,E-flat Major,E♭,"E-flat Major Piano Chord (E♭): Notes, Inversions & PDF",E-flat Major Piano Chord,"Find the e-flat major chord on piano: E♭, G, B♭. See keyboard positions, compare three inversions, hear the notes and print a reference.","The E-flat Major chord contains E♭, G, B♭. Its formula is 1–3–5.",local production HTML,local production HTML h1,false,e flat major chord,1900,,,01c176a1-3f22-4499-84e8-03abc737972e.png,2026-09-17,,UNCHECKED,ALREADY_CLEAR,,,,,E-flat Major,E-flat Major,,,,,,,,,,,Current short or natural name is already clear; not a mechanical Piano-word rewrite.,NO_TDH_CHANGE,false,false,false,false,true,true,false
/chords/e-flat-minor,e-flat-minor,minor,E-flat Minor,E♭m,"E-flat Minor Piano Chord (E♭m): Notes, Inversions & PDF",E-flat Minor Piano Chord,"Find the e-flat minor chord on piano: E♭, G♭, B♭. See keyboard positions, compare three inversions, hear the notes and print a reference.","The E-flat Minor chord contains E♭, G♭, B♭. Its formula is 1–♭3–5.",local production HTML,local production HTML h1,false,e flat minor chord,590,,,b52715f1-e57e-416e-be83-077fcec17be6.png,2026-09-17,,UNCHECKED,ALREADY_CLEAR,,,,,E-flat Minor,E-flat Minor,,,,,,,,,,,Current short or natural name is already clear; not a mechanical Piano-word rewrite.,NO_TDH_CHANGE,false,false,false,false,true,true,false
/chords/e-flat-sus2,e-flat-sus2,sus2,E♭ Suspended 2nd,E♭sus2,"E♭sus2 Chord: Piano Notes, Inversions, Sound & PDF | PianoGrid",E♭sus2 Chord,"Learn the E♭sus2 chord on piano: E♭, F and B♭. See keyboard diagrams, explore inversions, hear the chord and practice finding its notes.","E♭sus2, also called E♭ suspended second, contains E♭, F and B♭. Use the piano diagram to find the notes, hear the chord and explore its inversions.",local production HTML + chord-detail-seo-copy.ts,local production HTML h1,false,ebsus2,20,ebsus2 piano,20,422be5a4-6957-47d4-866f-6dd91e0635f9.png;abf5f6e3-2c5d-45d0-80d4-a49374d1728e.png,2026-09-18,,UNCHECKED,SAME_ENTITY_LABEL_ALIGNMENT,"E♭sus2 Chord: Piano Notes, Inversions, Sound & PDF | PianoGrid",E♭sus2 Chord,"Learn the E♭sus2 chord on piano: E♭, F and B♭. See keyboard diagrams, explore inversions, hear the chord and practice finding its notes.","E♭sus2, also called E♭ suspended second, contains E♭, F and B♭. Use the piano diagram to find the notes, hear the chord and explore its inversions.",E♭sus2 Chord,E♭sus2 Chord,The e♭ suspended 2nd chord replaces the third with a major second.,No independent fingering dataset is authorized for N2B.,,,,,,,,,Same chordId/symbol. Short label E♭sus2 Chord applied locally via CHORD_DETAIL_SEO_COPY and editorial mapping. Music name/notes/URL unchanged. Not committed or published. Seed proposed_display_label=E♭sus2 Chord.,APPLIED_LOCAL,true,false,false,true,true,true,false
/chords/e-flat-sus4,e-flat-sus4,sus4,E♭ Suspended 4th,E♭sus4,"E♭sus4 Chord: Piano Notes, Inversions, Sound & PDF | PianoGrid",E♭sus4 Chord,"Learn the E♭sus4 chord on piano: E♭, A♭ and B♭. See keyboard diagrams, explore inversions, hear the chord and practice finding its notes.","E♭sus4, also called E♭ suspended fourth, contains E♭, A♭ and B♭. Use the piano diagram to find the notes, hear the chord and explore its inversions.",local production HTML + chord-detail-seo-copy.ts,local production HTML h1,false,ebsus4,20,ebsus4 piano,20,422be5a4-6957-47d4-866f-6dd91e0635f9.png;abf5f6e3-2c5d-45d0-80d4-a49374d1728e.png,2026-09-18,,UNCHECKED,SAME_ENTITY_LABEL_ALIGNMENT,"E♭sus4 Chord: Piano Notes, Inversions, Sound & PDF | PianoGrid",E♭sus4 Chord,"Learn the E♭sus4 chord on piano: E♭, A♭ and B♭. See keyboard diagrams, explore inversions, hear the chord and practice finding its notes.","E♭sus4, also called E♭ suspended fourth, contains E♭, A♭ and B♭. Use the piano diagram to find the notes, hear the chord and explore its inversions.",E♭sus4 Chord,E♭sus4 Chord,The e♭ suspended 4th chord replaces the third with a perfect fourth.,No independent fingering dataset is authorized for N2B.,,,,,,,,,Same chordId/symbol. Short label E♭sus4 Chord applied locally via CHORD_DETAIL_SEO_COPY and editorial mapping. Music name/notes/URL unchanged. Not committed or published. Seed proposed_display_label=E♭sus4 Chord.,APPLIED_LOCAL,true,false,false,true,true,true,false
/chords/e-m7,e-m7,minor7,E Minor Seventh,Em7,"Em7 Chord: Piano Notes, Inversions, Sound & PDF | PianoGrid",Em7 Chord,"Learn the Em7 chord on piano: E, G, B and D. See keyboard diagrams, explore inversions, hear the chord and practice finding its notes.","Em7, also called E minor seventh, contains E, G, B and D. Use the piano diagram to find the notes, hear the chord and explore its inversions.",local production HTML + chord-detail-seo-copy.ts,local production HTML h1,false,em7 chord,3600,,,01c176a1-3f22-4499-84e8-03abc737972e.png,2026-09-17,,UNCHECKED,SAME_ENTITY_LABEL_ALIGNMENT|COPY_ARTICLE_CASE|COPY_ENGINEERING_FINGERING,"Em7 Chord: Piano Notes, Inversions, Sound & PDF | PianoGrid",Em7 Chord,"Learn the Em7 chord on piano: E, G, B and D. See keyboard diagrams, explore inversions, hear the chord and practice finding its notes.","Em7, also called E minor seventh, contains E, G, B and D. Use the piano diagram to find the notes, hear the chord and explore its inversions.",Em7 Chord,Em7 Chord,A e minor seventh is a minor triad plus a minor seventh.,No independently authorized fingering dataset is provided for N2C.,,,,,,,,"Fingerings are not included on this page. The diagram shows note positions, not a prescribed hand shape.",Same chordId/symbol. Short label Em7 Chord applied locally via CHORD_DETAIL_SEO_COPY and editorial mapping. Music name/notes/URL unchanged. Not committed or published. Seed proposed_display_label=Em7 Chord.,APPLIED_LOCAL,true,true,true,true,true,true,false
/chords/e-m7-flat5,e-m7-flat5,halfDiminished7,E Half-Diminished Seventh,Em7♭5,"E Half-Diminished Chord (Em7♭5): Piano Notes, Inversions, Sound & PDF",E Half-Diminished Chord (Em7♭5),"Learn the E Half-Diminished Chord (Em7♭5) on piano: E, G, B♭ and D. See keyboard diagrams, explore inversions and hear the chord.","E Half-Diminished Chord (Em7♭5) contains E, G, B♭ and D. The compact symbol Em7♭5 names the same chord. Use the piano diagram to find the notes, hear the chord and explore its inversions.",local production HTML + chord-detail-seo-copy.ts,local production HTML h1,false,e half diminished chord,20,e minor 7 flat 5 piano,20,83ae1cc2-860b-4772-b640-4d2f8caab6c8.png,2026-09-17,,UNCHECKED,SAME_ENTITY_LABEL_ALIGNMENT|COPY_ENGINEERING_FINGERING,"E Half-Diminished Chord (Em7♭5): Piano Notes, Inversions, Sound & PDF",E Half-Diminished Chord (Em7♭5),"Learn the E Half-Diminished Chord (Em7♭5) on piano: E, G, B♭ and D. See keyboard diagrams, explore inversions and hear the chord.","E Half-Diminished Chord (Em7♭5) contains E, G, B♭ and D. The compact symbol Em7♭5 names the same chord. Use the piano diagram to find the notes, hear the chord and explore its inversions.",E Half-Diminished Chord (Em7♭5),E Half-Diminished Chord (Em7♭5),A e half-diminished seventh is a diminished triad plus a minor seventh.,No independently authorized fingering dataset is provided for N2C.,,,,,,,,"Fingerings are not included on this page. The diagram shows note positions, not a prescribed hand shape.",Same chordId/symbol. Short label E Half-Diminished Chord (Em7♭5) applied locally via CHORD_DETAIL_SEO_COPY and editorial mapping. Music name/notes/URL unchanged. Not committed or published. Seed proposed_display_label=E Half-Diminished Chord (Em7♭5).,APPLIED_LOCAL,true,false,true,true,true,true,false
/chords/e-madd9,e-madd9,minorAdd9,E minor add9,Em(add9),"Em(add9) Piano Chord: Notes, Voicings & Practice | PianoGrid",Em(add9) Piano Chord,"Find Em(add9) notes (E, G, B, F♯), compare two keyboard layouts, hear each one and practise chord tones or an exact voicing.","Em(add9) contains E, G, B, F♯. Use 1–♭3–5–9 and do not add a seventh.",local production HTML,local production HTML h1,false,emadd9 chord,20,,,7dfad5a6-183f-471c-8402-b0b4cef71285.png,2026-09-17,,UNCHECKED,ALREADY_CLEAR,,,,,E minor add9,E minor add9,"Use E, G, B, F♯. The formula is 1–♭3–5–9. Keep the G third: removing it changes the note collection to a suspended shape. The list above names the chord members. For a specific register, read the octave numbers on the selected example below. Start with E3 – G3 – B3 – F♯4. Then switch to E3 – F♯3 – G3 – B3. The F♯ moves down one octave while the other three notes stay in place. Both examples keep E as the lowest note. This comparison changes spacing, not the bass. It is a pair of reference examples, not a complete inversion catalogue. Here, the higher layout is labelled Em(add9); the inside-the-triad layout is shown with the Em(add2) notation hint. This follows the textbook illustration, not a claim that every player uses the labels identically. Musicca also lists add2 as an alternative add9 label. For an exact arrangement, use the written pitches or score. For a note-identification exercise, separate the chord members from their octaves. This page's complete added-note examples include the third and no seventh. A ninth-chord formula includes a seventh; a sus2 collection omits the third. Compare the note lists, not just the number 9 in a symbol. Read E, G, B, F♯ as four chord members. The F♯ is the added member; it is not a finger number or a new key signature. Octave numbers such as C4 locate a register. They are separate from scale degrees and finger numbers. First choose the four note names in Em(add9), in any octave. Next select Match this example and reproduce the specific notes displayed. Correct chord tones in different octaves should receive a spacing hint, not a message that the chord itself is wrong. These browser exercises check your selection on this page, not a performance on an acoustic piano. Fingerings are not supplied; the diagrams are not a prescribed one-hand stretch. The reference brings together the formula, both keyboard layouts and their octave labels. Use it beside your keyboard when comparing the two examples.",,,,,,,,,,Current short or natural name is already clear; not a mechanical Piano-word rewrite.,NO_TDH_CHANGE,false,false,false,false,true,true,false
/chords/e-maj7,e-maj7,major7,E Major Seventh,Emaj7,"Emaj7 Chord: Piano Notes, Inversions, Sound & PDF | PianoGrid",Emaj7 Chord,"Learn the Emaj7 chord on piano: E, G♯, B and D♯. See keyboard diagrams, explore inversions, hear the chord and practice finding its notes.","Emaj7, also called E major seventh, contains E, G♯, B and D♯. Use the piano diagram to find the notes, hear the chord and explore its inversions.",local production HTML + chord-detail-seo-copy.ts,local production HTML h1,false,emaj7 chord,320,,,6799485e-be24-41c3-98ca-f6ca2f2975a6.png,2026-09-17,,UNCHECKED,SAME_ENTITY_LABEL_ALIGNMENT|COPY_ARTICLE_CASE|COPY_ENGINEERING_FINGERING,"Emaj7 Chord: Piano Notes, Inversions, Sound & PDF | PianoGrid",Emaj7 Chord,"Learn the Emaj7 chord on piano: E, G♯, B and D♯. See keyboard diagrams, explore inversions, hear the chord and practice finding its notes.","Emaj7, also called E major seventh, contains E, G♯, B and D♯. Use the piano diagram to find the notes, hear the chord and explore its inversions.",Emaj7 Chord,Emaj7 Chord,A e major seventh is a major triad plus a major seventh.,No independently authorized fingering dataset is provided for N2C.,,,,,,,,"Fingerings are not included on this page. The diagram shows note positions, not a prescribed hand shape.",Same chordId/symbol. Short label Emaj7 Chord applied locally via CHORD_DETAIL_SEO_COPY and editorial mapping. Music name/notes/URL unchanged. Not committed or published. Seed proposed_display_label=Emaj7 Chord.,APPLIED_LOCAL,true,true,true,true,true,true,false
/chords/e-major,e-major,major,E Major Piano Chord (E),E,"E Major Piano Chord (E): Notes, Inversions & PDF | PianoGrid",E Major Piano Chord (E),"Find E major on piano: E, G-sharp and B. See the keyboard positions, compare E/G-sharp and E/B, and print a three-position reference.","The E major chord uses E, G-sharp and B. G-sharp is the major third above E; B is the perfect fifth.",local production HTML,local production HTML h1,false,,,,,,,,UNCHECKED,ALREADY_CLEAR,,,,,E Major Piano Chord (E),E Major Piano Chord (E),,,,,,,,,,,Current short or natural name is already clear; not a mechanical Piano-word rewrite.,NO_TDH_CHANGE,false,false,false,false,true,true,true
/chords/e-minor,e-minor,minor,E Minor,Em,"E Minor Chord – Piano Notes, Fingering & Inversions | PianoGrid",E Minor Chord,"Learn the E minor chord on piano, including the notes E–G–B, fingering, keyboard positions, root position, and inversions.","The E Minor chord contains E, G, B. Its formula is 1–♭3–5.",local production HTML + seo-editorial.ts,local production HTML h1,true,e minor chord,12100,,,c45756ea-7b7c-4586-a97c-6d2dc1340942.png,2026-09-17,,UNCHECKED,UPSTREAM_PROTECTED,,,,,E Minor Chord,E Minor Chord,,,,,,,,,,,Approved eight-page TDH from 5fa6cb6 is integrated and kept. Task 11 did not overwrite these fields.,UPSTREAM_PROTECTED,false,false,false,false,true,true,false
/chords/e-sus2,e-sus2,sus2,E Suspended 2nd,Esus2,"Esus2 Chord: Piano Notes, Inversions, Sound & PDF | PianoGrid",Esus2 Chord,"Learn the Esus2 chord on piano: E, F♯ and B. See keyboard diagrams, explore inversions, hear the chord and practice finding its notes.","Esus2, also called E suspended second, contains E, F♯ and B. Use the piano diagram to find the notes, hear the chord and explore its inversions.",local production HTML + chord-detail-seo-copy.ts,local production HTML h1,false,esus2 chord,90,,,9647961e-4ab8-4675-bb14-e10b51c8982c.png,2026-09-17,,UNCHECKED,SAME_ENTITY_LABEL_ALIGNMENT,"Esus2 Chord: Piano Notes, Inversions, Sound & PDF | PianoGrid",Esus2 Chord,"Learn the Esus2 chord on piano: E, F♯ and B. See keyboard diagrams, explore inversions, hear the chord and practice finding its notes.","Esus2, also called E suspended second, contains E, F♯ and B. Use the piano diagram to find the notes, hear the chord and explore its inversions.",Esus2 Chord,Esus2 Chord,The e suspended 2nd chord replaces the third with a major second.,No independent fingering dataset is authorized for N2B.,,,,,,,,,Same chordId/symbol. Short label Esus2 Chord applied locally via CHORD_DETAIL_SEO_COPY and editorial mapping. Music name/notes/URL unchanged. Not committed or published. Seed proposed_display_label=Esus2 Chord.,APPLIED_LOCAL,true,false,false,true,true,true,false
/chords/e-sus4,e-sus4,sus4,E Suspended 4th,Esus4,"Esus4 Chord: Piano Notes, Inversions, Sound & PDF | PianoGrid",Esus4 Chord,"Learn the Esus4 chord on piano: E, A and B. See keyboard diagrams, explore inversions, hear the chord and practice finding its notes.","Esus4, also called E suspended fourth, contains E, A and B. Use the piano diagram to find the notes, hear the chord and explore its inversions.",local production HTML + chord-detail-seo-copy.ts,local production HTML h1,false,esus4 chord,210,,,a60b623a-fe4d-4ce9-b831-ad52fbc1aa2e.png,2026-09-17,,UNCHECKED,SAME_ENTITY_LABEL_ALIGNMENT,"Esus4 Chord: Piano Notes, Inversions, Sound & PDF | PianoGrid",Esus4 Chord,"Learn the Esus4 chord on piano: E, A and B. See keyboard diagrams, explore inversions, hear the chord and practice finding its notes.","Esus4, also called E suspended fourth, contains E, A and B. Use the piano diagram to find the notes, hear the chord and explore its inversions.",Esus4 Chord,Esus4 Chord,The e suspended 4th chord replaces the third with a perfect fourth.,No independent fingering dataset is authorized for N2B.,,,,,,,,,Same chordId/symbol. Short label Esus4 Chord applied locally via CHORD_DETAIL_SEO_COPY and editorial mapping. Music name/notes/URL unchanged. Not committed or published. Seed proposed_display_label=Esus4 Chord.,APPLIED_LOCAL,true,false,false,true,true,true,false
/chords/f-7,f-7,dominant7,F Dominant Seventh,F7,"F7 Chord: Piano Notes, Inversions, Sound & PDF | PianoGrid",F7 Chord,"Learn the F7 chord on piano: F, A, C and E♭. See keyboard diagrams, explore inversions, hear the chord and practice finding its notes.","F7, also called F dominant seventh, contains F, A, C and E♭. Use the piano diagram to find the notes, hear the chord and explore its inversions.",local production HTML + chord-detail-seo-copy.ts,local production HTML h1,false,f7 chord,2400,,,01c176a1-3f22-4499-84e8-03abc737972e.png,2026-09-17,,UNCHECKED,SAME_ENTITY_LABEL_ALIGNMENT|COPY_ARTICLE_CASE|COPY_ENGINEERING_FINGERING,"F7 Chord: Piano Notes, Inversions, Sound & PDF | PianoGrid",F7 Chord,"Learn the F7 chord on piano: F, A, C and E♭. See keyboard diagrams, explore inversions, hear the chord and practice finding its notes.","F7, also called F dominant seventh, contains F, A, C and E♭. Use the piano diagram to find the notes, hear the chord and explore its inversions.",F7 Chord,F7 Chord,A f dominant seventh is a major triad plus a minor seventh.,No independently authorized fingering dataset is provided for N2C.,,,,,,,,"Fingerings are not included on this page. The diagram shows note positions, not a prescribed hand shape.",Same chordId/symbol. Short label F7 Chord applied locally via CHORD_DETAIL_SEO_COPY and editorial mapping. Music name/notes/URL unchanged. Not committed or published. Seed proposed_display_label=F7 Chord.,APPLIED_LOCAL,true,true,true,true,true,true,false
/chords/f-add9,f-add9,add9,F add9,Fadd9,"Fadd9 Piano Chord: Notes, Voicings & Practice | PianoGrid",Fadd9 Piano Chord,"Find Fadd9 notes (F, A, C, G), compare two keyboard layouts, hear each one and practise chord tones or an exact voicing.","Fadd9 contains F, A, C, G. Use 1–3–5–9 and do not add a seventh.",local production HTML,local production HTML h1,false,fadd9 chord,320,fadd9 piano,110,a60b623a-fe4d-4ce9-b831-ad52fbc1aa2e.png,2026-09-17,,UNCHECKED,ALREADY_CLEAR,,,,,F add9,F add9,"Use F, A, C, G. The formula is 1–3–5–9. Keep the A third: removing it changes the note collection to a suspended shape. The list above names the chord members. For a specific register, read the octave numbers on the selected example below. Start with F3 – A3 – C4 – G4. Then switch to F3 – G3 – A3 – C4. The G moves down one octave while the other three notes stay in place. Both examples keep F as the lowest note. This comparison changes spacing, not the bass. It is a pair of reference examples, not a complete inversion catalogue. Here, the higher layout is labelled Fadd9; the inside-the-triad layout is shown with the Fadd2 notation hint. This follows the textbook illustration, not a claim that every player uses the labels identically. Musicca also lists add2 as an alternative add9 label. For an exact arrangement, use the written pitches or score. For a note-identification exercise, separate the chord members from their octaves. This page's complete added-note examples include the third and no seventh. A ninth-chord formula includes a seventh; a sus2 collection omits the third. Compare the note lists, not just the number 9 in a symbol. Read F, A, C, G as four chord members. The G is the added member; it is not a finger number or a new key signature. Octave numbers such as C4 locate a register. They are separate from scale degrees and finger numbers. First choose the four note names in Fadd9, in any octave. Next select Match this example and reproduce the specific notes displayed. Correct chord tones in different octaves should receive a spacing hint, not a message that the chord itself is wrong. These browser exercises check your selection on this page, not a performance on an acoustic piano. Fingerings are not supplied; the diagrams are not a prescribed one-hand stretch. The reference brings together the formula, both keyboard layouts and their octave labels. Use it beside your keyboard when comparing the two examples.",,,,,,,,,,Current short or natural name is already clear; not a mechanical Piano-word rewrite.,NO_TDH_CHANGE,false,false,false,false,true,true,false
/chords/f-augmented,f-augmented,augmented,F Augmented,Faug,F Augmented Piano Chord (Faug): Notes & Inversions | PianoGrid,F Augmented Piano Chord,"Find the F augmented chord on piano: F, A, C♯. See three keyboard positions, sound and a printable reference.","The F Augmented chord contains F, A, C♯. Formula: 1–3–♯5.",local production HTML,local production HTML h1,false,f augmented chord,260,,,a60b623a-fe4d-4ce9-b831-ad52fbc1aa2e.png,2026-09-17,,UNCHECKED,ALREADY_CLEAR,,,,,F Augmented,F Augmented,"The f augmented triad uses a root, major third and augmented fifth.",No independent fingering dataset is authorized for N2B.,,,,,,,,,Current short or natural name is already clear; not a mechanical Piano-word rewrite.,NO_TDH_CHANGE,false,false,false,false,true,true,false
/chords/f-diminished,f-diminished,diminished,F Diminished,Fdim,F Diminished Piano Chord (Fdim): Notes & Inversions | PianoGrid,F Diminished Piano Chord,"Find the F diminished chord on piano: F, A♭, C♭. See three keyboard positions, sound and a printable reference.","The F Diminished chord contains F, A♭, C♭. Formula: 1–♭3–♭5.",local production HTML,local production HTML h1,false,f diminished chord,590,,,0d26efa8-bf8c-4209-bd71-cad9933ce78c.png,2026-09-17,,UNCHECKED,ALREADY_CLEAR,,,,,F Diminished,F Diminished,"The f diminished triad uses a root, minor third and diminished fifth.",No independent fingering dataset is authorized for N2B.,,,,,,,,,Current short or natural name is already clear; not a mechanical Piano-word rewrite.,NO_TDH_CHANGE,false,false,false,false,true,true,false
/chords/f-m7,f-m7,minor7,F Minor Seventh,Fm7,"Fm7 Chord: Piano Notes, Inversions, Sound & PDF | PianoGrid",Fm7 Chord,"Learn the Fm7 chord on piano: F, A♭, C and E♭. See keyboard diagrams, explore inversions, hear the chord and practice finding its notes.","Fm7, also called F minor seventh, contains F, A♭, C and E♭. Use the piano diagram to find the notes, hear the chord and explore its inversions.",local production HTML + chord-detail-seo-copy.ts,local production HTML h1,false,fm7 chord,880,,,b52715f1-e57e-416e-be83-077fcec17be6.png,2026-09-17,,UNCHECKED,SAME_ENTITY_LABEL_ALIGNMENT|COPY_ARTICLE_CASE|COPY_ENGINEERING_FINGERING,"Fm7 Chord: Piano Notes, Inversions, Sound & PDF | PianoGrid",Fm7 Chord,"Learn the Fm7 chord on piano: F, A♭, C and E♭. See keyboard diagrams, explore inversions, hear the chord and practice finding its notes.","Fm7, also called F minor seventh, contains F, A♭, C and E♭. Use the piano diagram to find the notes, hear the chord and explore its inversions.",Fm7 Chord,Fm7 Chord,A f minor seventh is a minor triad plus a minor seventh.,No independently authorized fingering dataset is provided for N2C.,,,,,,,,"Fingerings are not included on this page. The diagram shows note positions, not a prescribed hand shape.",Same chordId/symbol. Short label Fm7 Chord applied locally via CHORD_DETAIL_SEO_COPY and editorial mapping. Music name/notes/URL unchanged. Not committed or published. Seed proposed_display_label=Fm7 Chord.,APPLIED_LOCAL,true,true,true,true,true,true,false
/chords/f-m7-flat5,f-m7-flat5,halfDiminished7,F Half-Diminished Seventh,Fm7♭5,"F Half-Diminished Chord (Fm7♭5): Piano Notes, Inversions, Sound & PDF",F Half-Diminished Chord (Fm7♭5),"Learn the F Half-Diminished Chord (Fm7♭5) on piano: F, A♭, C♭ and E♭. See keyboard diagrams, explore inversions and hear the chord.","F Half-Diminished Chord (Fm7♭5) contains F, A♭, C♭ and E♭. The compact symbol Fm7♭5 names the same chord. Use the piano diagram to find the notes, hear the chord and explore its inversions.",local production HTML + chord-detail-seo-copy.ts,local production HTML h1,false,f half diminished chord,20,,,83ae1cc2-860b-4772-b640-4d2f8caab6c8.png,2026-09-17,,UNCHECKED,SAME_ENTITY_LABEL_ALIGNMENT|COPY_ENGINEERING_FINGERING,"F Half-Diminished Chord (Fm7♭5): Piano Notes, Inversions, Sound & PDF",F Half-Diminished Chord (Fm7♭5),"Learn the F Half-Diminished Chord (Fm7♭5) on piano: F, A♭, C♭ and E♭. See keyboard diagrams, explore inversions and hear the chord.","F Half-Diminished Chord (Fm7♭5) contains F, A♭, C♭ and E♭. The compact symbol Fm7♭5 names the same chord. Use the piano diagram to find the notes, hear the chord and explore its inversions.",F Half-Diminished Chord (Fm7♭5),F Half-Diminished Chord (Fm7♭5),A f half-diminished seventh is a diminished triad plus a minor seventh.,No independently authorized fingering dataset is provided for N2C.,,,,,,,,"Fingerings are not included on this page. The diagram shows note positions, not a prescribed hand shape.",Same chordId/symbol. Short label F Half-Diminished Chord (Fm7♭5) applied locally via CHORD_DETAIL_SEO_COPY and editorial mapping. Music name/notes/URL unchanged. Not committed or published. Seed proposed_display_label=F Half-Diminished Chord (Fm7♭5).,APPLIED_LOCAL,true,false,true,true,true,true,false
/chords/f-madd9,f-madd9,minorAdd9,F minor add9,Fm(add9),"Fm(add9) Piano Chord: Notes, Voicings & Practice | PianoGrid",Fm(add9) Piano Chord,"Find Fm(add9) notes (F, A♭, C, G), compare two keyboard layouts, hear each one and practise chord tones or an exact voicing.","Fm(add9) contains F, A♭, C, G. Use 1–♭3–5–9 and do not add a seventh.",local production HTML,local production HTML h1,false,fmadd9,20,fm(add9) piano,20,abf5f6e3-2c5d-45d0-80d4-a49374d1728e.png,2026-09-18,,UNCHECKED,ALREADY_CLEAR,,,,,F minor add9,F minor add9,"Use F, A♭, C, G. The formula is 1–♭3–5–9. Keep the A♭ third: removing it changes the note collection to a suspended shape. The list above names the chord members. For a specific register, read the octave numbers on the selected example below. Start with F3 – A♭3 – C4 – G4. Then switch to F3 – G3 – A♭3 – C4. The G moves down one octave while the other three notes stay in place. Both examples keep F as the lowest note. This comparison changes spacing, not the bass. It is a pair of reference examples, not a complete inversion catalogue. Here, the higher layout is labelled Fm(add9); the inside-the-triad layout is shown with the Fm(add2) notation hint. This follows the textbook illustration, not a claim that every player uses the labels identically. Musicca also lists add2 as an alternative add9 label. For an exact arrangement, use the written pitches or score. For a note-identification exercise, separate the chord members from their octaves. This page's complete added-note examples include the third and no seventh. A ninth-chord formula includes a seventh; a sus2 collection omits the third. Compare the note lists, not just the number 9 in a symbol. Read F, A♭, C, G as four chord members. The G is the added member; it is not a finger number or a new key signature. Octave numbers such as C4 locate a register. They are separate from scale degrees and finger numbers. First choose the four note names in Fm(add9), in any octave. Next select Match this example and reproduce the specific notes displayed. Correct chord tones in different octaves should receive a spacing hint, not a message that the chord itself is wrong. These browser exercises check your selection on this page, not a performance on an acoustic piano. Fingerings are not supplied; the diagrams are not a prescribed one-hand stretch. The reference brings together the formula, both keyboard layouts and their octave labels. Use it beside your keyboard when comparing the two examples.",,,,,,,,,,Current short or natural name is already clear; not a mechanical Piano-word rewrite.,NO_TDH_CHANGE,false,false,false,false,true,true,false
/chords/f-maj7,f-maj7,major7,F Major Seventh,Fmaj7,"Fmaj7 Chord: Piano Notes, Inversions, Sound & PDF | PianoGrid",Fmaj7 Chord,"Learn the Fmaj7 chord on piano: F, A, C and E. See keyboard diagrams, explore inversions, hear the chord and practice finding its notes.","Fmaj7, also called F major seventh, contains F, A, C and E. Use the piano diagram to find the notes, hear the chord and explore its inversions.",local production HTML + chord-detail-seo-copy.ts,local production HTML h1,false,fmaj7 chord,1000,,,b52715f1-e57e-416e-be83-077fcec17be6.png,2026-09-17,,UNCHECKED,SAME_ENTITY_LABEL_ALIGNMENT|COPY_ARTICLE_CASE|COPY_ENGINEERING_FINGERING,"Fmaj7 Chord: Piano Notes, Inversions, Sound & PDF | PianoGrid",Fmaj7 Chord,"Learn the Fmaj7 chord on piano: F, A, C and E. See keyboard diagrams, explore inversions, hear the chord and practice finding its notes.","Fmaj7, also called F major seventh, contains F, A, C and E. Use the piano diagram to find the notes, hear the chord and explore its inversions.",Fmaj7 Chord,Fmaj7 Chord,A f major seventh is a major triad plus a major seventh.,No independently authorized fingering dataset is provided for N2C.,,,,,,,,"Fingerings are not included on this page. The diagram shows note positions, not a prescribed hand shape.",Same chordId/symbol. Short label Fmaj7 Chord applied locally via CHORD_DETAIL_SEO_COPY and editorial mapping. Music name/notes/URL unchanged. Not committed or published. Seed proposed_display_label=Fmaj7 Chord.,APPLIED_LOCAL,true,true,true,true,true,true,false
/chords/f-major,f-major,major,F Major,F,"F Major Piano Chord (F): Notes, Inversions & PDF | PianoGrid",F Major Piano Chord,"Find the F major chord on piano: F, A, C. See keyboard positions, compare three inversions, hear the notes and print a reference.","The F Major chord contains F, A, C. Its formula is 1–3–5.",local production HTML,local production HTML h1,false,f major chord,4400,,,01c176a1-3f22-4499-84e8-03abc737972e.png,2026-09-17,,UNCHECKED,ALREADY_CLEAR,,,,,F Major,F Major,,,,,,,,,,,Current short or natural name is already clear; not a mechanical Piano-word rewrite.,NO_TDH_CHANGE,false,false,false,false,true,true,false
/chords/f-minor,f-minor,minor,F Minor,Fm,"F Minor Piano Chord (Fm): Notes, Inversions & PDF | PianoGrid",F Minor Piano Chord,"Find the F minor chord on piano: F, A♭, C. See keyboard positions, compare three inversions, hear the notes and print a reference.","The F Minor chord contains F, A♭, C. Its formula is 1–♭3–5.",local production HTML,local production HTML h1,false,f minor chord,6600,,,c45756ea-7b7c-4586-a97c-6d2dc1340942.png,2026-09-17,,UNCHECKED,ALREADY_CLEAR,,,,,F Minor,F Minor,,,,,,,,,,,Current short or natural name is already clear; not a mechanical Piano-word rewrite.,NO_TDH_CHANGE,false,false,false,false,true,true,false
/chords/f-sharp-7,f-sharp-7,dominant7,F♯ Dominant Seventh,F♯7,"F♯7 Chord: Piano Notes, Inversions, Sound & PDF | PianoGrid",F♯7 Chord,"Learn the F♯7 chord on piano: F♯, A♯, C♯ and E. See keyboard diagrams, explore inversions, hear the chord and practice finding its notes.","F♯7, also called F♯ dominant seventh, contains F♯, A♯, C♯ and E. Use the piano diagram to find the notes, hear the chord and explore its inversions.",local production HTML + chord-detail-seo-copy.ts,local production HTML h1,false,f#7 chord,590,,,b52715f1-e57e-416e-be83-077fcec17be6.png,2026-09-17,,UNCHECKED,SAME_ENTITY_LABEL_ALIGNMENT|COPY_ENGINEERING_FINGERING,"F♯7 Chord: Piano Notes, Inversions, Sound & PDF | PianoGrid",F♯7 Chord,"Learn the F♯7 chord on piano: F♯, A♯, C♯ and E. See keyboard diagrams, explore inversions, hear the chord and practice finding its notes.","F♯7, also called F♯ dominant seventh, contains F♯, A♯, C♯ and E. Use the piano diagram to find the notes, hear the chord and explore its inversions.",F♯7 Chord,F♯7 Chord,A f♯ dominant seventh is a major triad plus a minor seventh.,No independently authorized fingering dataset is provided for N2C.,,,,,,,,"Fingerings are not included on this page. The diagram shows note positions, not a prescribed hand shape.",Same chordId/symbol. Short label F♯7 Chord applied locally via CHORD_DETAIL_SEO_COPY and editorial mapping. Music name/notes/URL unchanged. Not committed or published. Seed proposed_display_label=F♯7 Chord.,APPLIED_LOCAL,true,false,true,true,true,true,false
/chords/f-sharp-add9,f-sharp-add9,add9,F-sharp add9,F♯add9,"F♯add9 Piano Chord: Notes, Voicings & Practice | PianoGrid",F♯add9 Piano Chord,"Find F♯add9 notes (F♯, A♯, C♯, G♯), compare two keyboard layouts, hear each one and practise chord tones or an exact voicing.","F♯add9 contains F♯, A♯, C♯, G♯. Use 1–3–5–9 and do not add a seventh.",local production HTML,local production HTML h1,false,,,f#add9 piano,40,c558ba69-a4e7-4194-9d7a-dbaf06ecc1e8.png,2026-09-18,,UNCHECKED,ALREADY_CLEAR,,,,,F-sharp add9,F-sharp add9,"Use F♯, A♯, C♯, G♯. The formula is 1–3–5–9. Keep the A♯ third: removing it changes the note collection to a suspended shape. The list above names the chord members. For a specific register, read the octave numbers on the selected example below. Start with F♯3 – A♯3 – C♯4 – G♯4. Then switch to F♯3 – G♯3 – A♯3 – C♯4. The G♯ moves down one octave while the other three notes stay in place. Both examples keep F♯ as the lowest note. This comparison changes spacing, not the bass. It is a pair of reference examples, not a complete inversion catalogue. Here, the higher layout is labelled F♯add9; the inside-the-triad layout is shown with the F♯add2 notation hint. This follows the textbook illustration, not a claim that every player uses the labels identically. Musicca also lists add2 as an alternative add9 label. For an exact arrangement, use the written pitches or score. For a note-identification exercise, separate the chord members from their octaves. This page's complete added-note examples include the third and no seventh. A ninth-chord formula includes a seventh; a sus2 collection omits the third. Compare the note lists, not just the number 9 in a symbol. Read F♯, A♯, C♯, G♯ as four chord members. The G♯ is the added member; it is not a finger number or a new key signature. Octave numbers such as C4 locate a register. They are separate from scale degrees and finger numbers. First choose the four note names in F♯add9, in any octave. Next select Match this example and reproduce the specific notes displayed. Correct chord tones in different octaves should receive a spacing hint, not a message that the chord itself is wrong. These browser exercises check your selection on this page, not a performance on an acoustic piano. Fingerings are not supplied; the diagrams are not a prescribed one-hand stretch. The reference brings together the formula, both keyboard layouts and their octave labels. Use it beside your keyboard when comparing the two examples.",,,,,,,,,,Current short or natural name is already clear; not a mechanical Piano-word rewrite.,NO_TDH_CHANGE,false,false,false,false,true,true,false
/chords/f-sharp-augmented,f-sharp-augmented,augmented,F♯ Augmented,F♯aug,F♯ Augmented Piano Chord (F♯aug): Notes & Inversions | PianoGrid,F♯ Augmented Piano Chord,"Find the f♯ augmented chord on piano: F♯, A♯, C𝄪. See three keyboard positions, sound and a printable reference.","The F♯ Augmented chord contains F♯, A♯, C𝄪. Formula: 1–3–♯5.",local production HTML,local production HTML h1,false,f sharp augmented chord,20,,,c884c0fa-0b7d-448d-8b50-40f1d4bcb882.png,2026-09-17,,UNCHECKED,ALREADY_CLEAR,,,,,F♯ Augmented,F♯ Augmented,"The f♯ augmented triad uses a root, major third and augmented fifth.",No independent fingering dataset is authorized for N2B.,,,,,,,,,Current short or natural name is already clear; not a mechanical Piano-word rewrite.,NO_TDH_CHANGE,false,false,false,false,true,true,false
/chords/f-sharp-diminished,f-sharp-diminished,diminished,F♯ Diminished,F♯dim,F♯ Diminished Piano Chord (F♯dim): Notes & Inversions,F♯ Diminished Piano Chord,"Find the f♯ diminished chord on piano: F♯, A, C. See three keyboard positions, sound and a printable reference.","The F♯ Diminished chord contains F♯, A, C. Formula: 1–♭3–♭5.",local production HTML,local production HTML h1,false,f sharp diminished chord,590,,,0d26efa8-bf8c-4209-bd71-cad9933ce78c.png,2026-09-17,,UNCHECKED,ALREADY_CLEAR,,,,,F♯ Diminished,F♯ Diminished,"The f♯ diminished triad uses a root, minor third and diminished fifth.",No independent fingering dataset is authorized for N2B.,,,,,,,,,Current short or natural name is already clear; not a mechanical Piano-word rewrite.,NO_TDH_CHANGE,false,false,false,false,true,true,false
/chords/f-sharp-m7,f-sharp-m7,minor7,F♯ Minor Seventh,F♯m7,"F♯m7 Chord: Piano Notes, Inversions, Sound & PDF | PianoGrid",F♯m7 Chord,"Learn the F♯m7 chord on piano: F♯, A, C♯ and E. See keyboard diagrams, explore inversions, hear the chord and practice finding its notes.","F♯m7, also called F♯ minor seventh, contains F♯, A, C♯ and E. Use the piano diagram to find the notes, hear the chord and explore its inversions.",local production HTML + chord-detail-seo-copy.ts,local production HTML h1,false,f#m7 chord,260,,,6799485e-be24-41c3-98ca-f6ca2f2975a6.png,2026-09-17,,UNCHECKED,SAME_ENTITY_LABEL_ALIGNMENT|COPY_ENGINEERING_FINGERING,"F♯m7 Chord: Piano Notes, Inversions, Sound & PDF | PianoGrid",F♯m7 Chord,"Learn the F♯m7 chord on piano: F♯, A, C♯ and E. See keyboard diagrams, explore inversions, hear the chord and practice finding its notes.","F♯m7, also called F♯ minor seventh, contains F♯, A, C♯ and E. Use the piano diagram to find the notes, hear the chord and explore its inversions.",F♯m7 Chord,F♯m7 Chord,A f♯ minor seventh is a minor triad plus a minor seventh.,No independently authorized fingering dataset is provided for N2C.,,,,,,,,"Fingerings are not included on this page. The diagram shows note positions, not a prescribed hand shape.",Same chordId/symbol. Short label F♯m7 Chord applied locally via CHORD_DETAIL_SEO_COPY and editorial mapping. Music name/notes/URL unchanged. Not committed or published. Seed proposed_display_label=F♯m7 Chord.,APPLIED_LOCAL,true,false,true,true,true,true,false
/chords/f-sharp-m7-flat5,f-sharp-m7-flat5,halfDiminished7,F♯ Half-Diminished Seventh,F♯m7♭5,"F♯ Half-Diminished Chord (F♯m7♭5): Piano Notes, Inversions, Sound & PDF",F♯ Half-Diminished Chord (F♯m7♭5),"Learn the F♯ Half-Diminished Chord (F♯m7♭5) on piano: F♯, A, C and E. See keyboard diagrams, explore inversions and hear the chord.","F♯ Half-Diminished Chord (F♯m7♭5) contains F♯, A, C and E. The compact symbol F♯m7♭5 names the same chord. Use the piano diagram to find the notes, hear the chord and explore its inversions.",local production HTML + chord-detail-seo-copy.ts,local production HTML h1,false,f sharp half diminished chord,20,f sharp minor 7 flat 5 piano,20,83ae1cc2-860b-4772-b640-4d2f8caab6c8.png,2026-09-17,,UNCHECKED,SAME_ENTITY_LABEL_ALIGNMENT|COPY_ENGINEERING_FINGERING,"F♯ Half-Diminished Chord (F♯m7♭5): Piano Notes, Inversions, Sound & PDF",F♯ Half-Diminished Chord (F♯m7♭5),"Learn the F♯ Half-Diminished Chord (F♯m7♭5) on piano: F♯, A, C and E. See keyboard diagrams, explore inversions and hear the chord.","F♯ Half-Diminished Chord (F♯m7♭5) contains F♯, A, C and E. The compact symbol F♯m7♭5 names the same chord. Use the piano diagram to find the notes, hear the chord and explore its inversions.",F♯ Half-Diminished Chord (F♯m7♭5),F♯ Half-Diminished Chord (F♯m7♭5),A f♯ half-diminished seventh is a diminished triad plus a minor seventh.,No independently authorized fingering dataset is provided for N2C.,,,,,,,,"Fingerings are not included on this page. The diagram shows note positions, not a prescribed hand shape.",Same chordId/symbol. Short label F♯ Half-Diminished Chord (F♯m7♭5) applied locally via CHORD_DETAIL_SEO_COPY and editorial mapping. Music name/notes/URL unchanged. Not committed or published. Seed proposed_display_label=F♯ Half-Diminished Chord (F♯m7♭5).,APPLIED_LOCAL,true,false,true,true,true,true,false
/chords/f-sharp-madd9,f-sharp-madd9,minorAdd9,F-sharp minor add9,F♯m(add9),"F♯m(add9) Piano Chord: Notes, Voicings & Practice | PianoGrid",F♯m(add9) Piano Chord,"Find F♯m(add9) notes (F♯, A, C♯, G♯), compare two keyboard layouts, hear each one and practise chord tones or an exact voicing.","F♯m(add9) contains F♯, A, C♯, G♯. Use 1–♭3–5–9 and do not add a seventh.",local production HTML,local production HTML h1,false,,,,,,,,UNCHECKED,CONTENT_REVIEW|ALREADY_CLEAR,,,,,F-sharp minor add9,F-sharp minor add9,"Use F♯, A, C♯, G♯. The formula is 1–♭3–5–9. Keep the A third: removing it changes the note collection to a suspended shape. The list above names the chord members. For a specific register, read the octave numbers on the selected example below. Start with F♯3 – A3 – C♯4 – G♯4. Then switch to F♯3 – G♯3 – A3 – C♯4. The G♯ moves down one octave while the other three notes stay in place. Both examples keep F♯ as the lowest note. This comparison changes spacing, not the bass. It is a pair of reference examples, not a complete inversion catalogue. Here, the higher layout is labelled F♯m(add9); the inside-the-triad layout is shown with the F♯m(add2) notation hint. This follows the textbook illustration, not a claim that every player uses the labels identically. Musicca also lists add2 as an alternative add9 label. For an exact arrangement, use the written pitches or score. For a note-identification exercise, separate the chord members from their octaves. This page's complete added-note examples include the third and no seventh. A ninth-chord formula includes a seventh; a sus2 collection omits the third. Compare the note lists, not just the number 9 in a symbol. Read F♯, A, C♯, G♯ as four chord members. The G♯ is the added member; it is not a finger number or a new key signature. Octave numbers such as C4 locate a register. They are separate from scale degrees and finger numbers. First choose the four note names in F♯m(add9), in any octave. Next select Match this example and reproduce the specific notes displayed. Correct chord tones in different octaves should receive a spacing hint, not a message that the chord itself is wrong. These browser exercises check your selection on this page, not a performance on an acoustic piano. Fingerings are not supplied; the diagrams are not a prescribed one-hand stretch. The reference brings together the formula, both keyboard layouts and their octave labels. Use it beside your keyboard when comparing the two examples.",,,,,,,,,,Five no-positive URLs keep current service and copy this round.,HOLD_PRODUCT_REVIEW,false,false,false,false,true,true,false
/chords/f-sharp-maj7,f-sharp-maj7,major7,F♯ Major Seventh,F♯maj7,"F♯maj7 Chord: Piano Notes, Inversions, Sound & PDF | PianoGrid",F♯maj7 Chord,"Learn the F♯maj7 chord on piano: F♯, A♯, C♯ and E♯. See keyboard diagrams, explore inversions, hear the chord and practice finding its notes.","F♯maj7, also called F♯ major seventh, contains F♯, A♯, C♯ and E♯. Use the piano diagram to find the notes, hear the chord and explore its inversions.",local production HTML + chord-detail-seo-copy.ts,local production HTML h1,false,f sharp major 7 chord,90,,,7dfad5a6-183f-471c-8402-b0b4cef71285.png,2026-09-17,,UNCHECKED,SAME_ENTITY_LABEL_ALIGNMENT|COPY_ENGINEERING_FINGERING,"F♯maj7 Chord: Piano Notes, Inversions, Sound & PDF | PianoGrid",F♯maj7 Chord,"Learn the F♯maj7 chord on piano: F♯, A♯, C♯ and E♯. See keyboard diagrams, explore inversions, hear the chord and practice finding its notes.","F♯maj7, also called F♯ major seventh, contains F♯, A♯, C♯ and E♯. Use the piano diagram to find the notes, hear the chord and explore its inversions.",F♯maj7 Chord,F♯maj7 Chord,A f♯ major seventh is a major triad plus a major seventh.,No independently authorized fingering dataset is provided for N2C.,,,,,,,,"Fingerings are not included on this page. The diagram shows note positions, not a prescribed hand shape.",Same chordId/symbol. Short label F♯maj7 Chord applied locally via CHORD_DETAIL_SEO_COPY and editorial mapping. Music name/notes/URL unchanged. Not committed or published. Seed proposed_display_label=F♯maj7 Chord.,APPLIED_LOCAL,true,false,true,true,true,true,false
/chords/f-sharp-major,f-sharp-major,major,F-sharp Major,F♯,"F-sharp Major Piano Chord (F♯): Notes, Inversions & PDF",F-sharp Major Piano Chord,"Find the f-sharp major chord on piano: F♯, A♯, C♯. See keyboard positions, compare three inversions, hear the notes and print a reference.","The F-sharp Major chord contains F♯, A♯, C♯. Its formula is 1–3–5.",local production HTML,local production HTML h1,false,f sharp major chord,880,,,b52715f1-e57e-416e-be83-077fcec17be6.png,2026-09-17,,UNCHECKED,ALREADY_CLEAR,,,,,F-sharp Major,F-sharp Major,,,,,,,,,,,Current short or natural name is already clear; not a mechanical Piano-word rewrite.,NO_TDH_CHANGE,false,false,false,false,true,true,false
/chords/f-sharp-minor,f-sharp-minor,minor,F-sharp Minor,F♯m,"F-sharp Minor Piano Chord (F♯m): Notes, Inversions & PDF",F-sharp Minor Piano Chord,"Find the f-sharp minor chord on piano: F♯, A, C♯. See keyboard positions, compare three inversions, hear the notes and print a reference.","The F-sharp Minor chord contains F♯, A, C♯. Its formula is 1–♭3–5.",local production HTML,local production HTML h1,false,f sharp minor chord,3600,,,01c176a1-3f22-4499-84e8-03abc737972e.png,2026-09-17,,UNCHECKED,ALREADY_CLEAR,,,,,F-sharp Minor,F-sharp Minor,,,,,,,,,,,Current short or natural name is already clear; not a mechanical Piano-word rewrite.,NO_TDH_CHANGE,false,false,false,false,true,true,false
/chords/f-sharp-sus2,f-sharp-sus2,sus2,F♯ Suspended 2nd,F♯sus2,"F♯sus2 Chord: Piano Notes, Inversions, Sound & PDF | PianoGrid",F♯sus2 Chord,"Learn the F♯sus2 chord on piano: F♯, G♯ and C♯. See keyboard diagrams, explore inversions, hear the chord and practice finding its notes.","F♯sus2, also called F♯ suspended second, contains F♯, G♯ and C♯. Use the piano diagram to find the notes, hear the chord and explore its inversions.",local production HTML + chord-detail-seo-copy.ts,local production HTML h1,false,f#sus2,10,,,c558ba69-a4e7-4194-9d7a-dbaf06ecc1e8.png,2026-09-18,,UNCHECKED,SAME_ENTITY_LABEL_ALIGNMENT,"F♯sus2 Chord: Piano Notes, Inversions, Sound & PDF | PianoGrid",F♯sus2 Chord,"Learn the F♯sus2 chord on piano: F♯, G♯ and C♯. See keyboard diagrams, explore inversions, hear the chord and practice finding its notes.","F♯sus2, also called F♯ suspended second, contains F♯, G♯ and C♯. Use the piano diagram to find the notes, hear the chord and explore its inversions.",F♯sus2 Chord,F♯sus2 Chord,The f♯ suspended 2nd chord replaces the third with a major second.,No independent fingering dataset is authorized for N2B.,,,,,,,,,Same chordId/symbol. Short label F♯sus2 Chord applied locally via CHORD_DETAIL_SEO_COPY and editorial mapping. Music name/notes/URL unchanged. Not committed or published. Seed proposed_display_label=F♯sus2 Chord.,APPLIED_LOCAL,true,false,false,true,true,true,false
/chords/f-sharp-sus4,f-sharp-sus4,sus4,F♯ Suspended 4th,F♯sus4,"F♯sus4 Chord: Piano Notes, Inversions, Sound & PDF | PianoGrid",F♯sus4 Chord,"Learn the F♯sus4 chord on piano: F♯, B and C♯. See keyboard diagrams, explore inversions, hear the chord and practice finding its notes.","F♯sus4, also called F♯ suspended fourth, contains F♯, B and C♯. Use the piano diagram to find the notes, hear the chord and explore its inversions.",local production HTML + chord-detail-seo-copy.ts,local production HTML h1,false,f#sus4 chord,10,f#sus4 piano,10,9c649d69-d442-4a26-87af-677957efa057.png,2026-09-17,,UNCHECKED,SAME_ENTITY_LABEL_ALIGNMENT,"F♯sus4 Chord: Piano Notes, Inversions, Sound & PDF | PianoGrid",F♯sus4 Chord,"Learn the F♯sus4 chord on piano: F♯, B and C♯. See keyboard diagrams, explore inversions, hear the chord and practice finding its notes.","F♯sus4, also called F♯ suspended fourth, contains F♯, B and C♯. Use the piano diagram to find the notes, hear the chord and explore its inversions.",F♯sus4 Chord,F♯sus4 Chord,The f♯ suspended 4th chord replaces the third with a perfect fourth.,No independent fingering dataset is authorized for N2B.,,,,,,,,,Same chordId/symbol. Short label F♯sus4 Chord applied locally via CHORD_DETAIL_SEO_COPY and editorial mapping. Music name/notes/URL unchanged. Not committed or published. Seed proposed_display_label=F♯sus4 Chord.,APPLIED_LOCAL,true,false,false,true,true,true,false
/chords/f-sus2,f-sus2,sus2,F Suspended 2nd,Fsus2,"Fsus2 Chord: Piano Notes, Inversions, Sound & PDF | PianoGrid",Fsus2 Chord,"Learn the Fsus2 chord on piano: F, G and C. See keyboard diagrams, explore inversions, hear the chord and practice finding its notes.","Fsus2, also called F suspended second, contains F, G and C. Use the piano diagram to find the notes, hear the chord and explore its inversions.",local production HTML + chord-detail-seo-copy.ts,local production HTML h1,false,fsus2 chord,170,,,9647961e-4ab8-4675-bb14-e10b51c8982c.png,2026-09-17,,UNCHECKED,SAME_ENTITY_LABEL_ALIGNMENT,"Fsus2 Chord: Piano Notes, Inversions, Sound & PDF | PianoGrid",Fsus2 Chord,"Learn the Fsus2 chord on piano: F, G and C. See keyboard diagrams, explore inversions, hear the chord and practice finding its notes.","Fsus2, also called F suspended second, contains F, G and C. Use the piano diagram to find the notes, hear the chord and explore its inversions.",Fsus2 Chord,Fsus2 Chord,The f suspended 2nd chord replaces the third with a major second.,No independent fingering dataset is authorized for N2B.,,,,,,,,,Same chordId/symbol. Short label Fsus2 Chord applied locally via CHORD_DETAIL_SEO_COPY and editorial mapping. Music name/notes/URL unchanged. Not committed or published. Seed proposed_display_label=Fsus2 Chord.,APPLIED_LOCAL,true,false,false,true,true,true,false
/chords/f-sus4,f-sus4,sus4,F Suspended 4th,Fsus4,"Fsus4 Chord: Piano Notes, Inversions, Sound & PDF | PianoGrid",Fsus4 Chord,"Learn the Fsus4 chord on piano: F, B♭ and C. See keyboard diagrams, explore inversions, hear the chord and practice finding its notes.","Fsus4, also called F suspended fourth, contains F, B♭ and C. Use the piano diagram to find the notes, hear the chord and explore its inversions.",local production HTML + chord-detail-seo-copy.ts,local production HTML h1,false,fsus4 chord,20,,,c884c0fa-0b7d-448d-8b50-40f1d4bcb882.png,2026-09-17,,UNCHECKED,SAME_ENTITY_LABEL_ALIGNMENT,"Fsus4 Chord: Piano Notes, Inversions, Sound & PDF | PianoGrid",Fsus4 Chord,"Learn the Fsus4 chord on piano: F, B♭ and C. See keyboard diagrams, explore inversions, hear the chord and practice finding its notes.","Fsus4, also called F suspended fourth, contains F, B♭ and C. Use the piano diagram to find the notes, hear the chord and explore its inversions.",Fsus4 Chord,Fsus4 Chord,The f suspended 4th chord replaces the third with a perfect fourth.,No independent fingering dataset is authorized for N2B.,,,,,,,,,Same chordId/symbol. Short label Fsus4 Chord applied locally via CHORD_DETAIL_SEO_COPY and editorial mapping. Music name/notes/URL unchanged. Not committed or published. Seed proposed_display_label=Fsus4 Chord.,APPLIED_LOCAL,true,false,false,true,true,true,false
/chords/g-7,g-7,dominant7,G Dominant Seventh,G7,"G7 Chord: Piano Notes, Inversions, Sound & PDF | PianoGrid",G7 Chord,"Learn the G7 chord on piano: G, B, D and F. See keyboard diagrams, explore inversions, hear the chord and practice finding its notes.","G7, also called G dominant seventh, contains G, B, D and F. Use the piano diagram to find the notes, hear the chord and explore its inversions.",local production HTML + chord-detail-seo-copy.ts,local production HTML h1,false,g7 chord,8100,,,c45756ea-7b7c-4586-a97c-6d2dc1340942.png,2026-09-17,,UNCHECKED,SAME_ENTITY_LABEL_ALIGNMENT|COPY_ARTICLE_CASE|COPY_ENGINEERING_FINGERING,"G7 Chord: Piano Notes, Inversions, Sound & PDF | PianoGrid",G7 Chord,"Learn the G7 chord on piano: G, B, D and F. See keyboard diagrams, explore inversions, hear the chord and practice finding its notes.","G7, also called G dominant seventh, contains G, B, D and F. Use the piano diagram to find the notes, hear the chord and explore its inversions.",G7 Chord,G7 Chord,A g dominant seventh is a major triad plus a minor seventh.,No independently authorized fingering dataset is provided for N2C.,,,,,,,,"Fingerings are not included on this page. The diagram shows note positions, not a prescribed hand shape.",Same chordId/symbol. Short label G7 Chord applied locally via CHORD_DETAIL_SEO_COPY and editorial mapping. Music name/notes/URL unchanged. Not committed or published. Seed proposed_display_label=G7 Chord.,APPLIED_LOCAL,true,true,true,true,true,true,false
/chords/g-add9,g-add9,add9,G add9,Gadd9,"Gadd9 Piano Chord: Notes, Voicings & Practice | PianoGrid",Gadd9 Piano Chord,"Find Gadd9 notes (G, B, D, A), compare two keyboard layouts, hear each one and practise chord tones or an exact voicing.","Gadd9 contains G, B, D, A. Use 1–3–5–9 and do not add a seventh.",local production HTML,local production HTML h1,false,gadd9 chord,170,,,9647961e-4ab8-4675-bb14-e10b51c8982c.png,2026-09-17,,UNCHECKED,ALREADY_CLEAR,,,,,G add9,G add9,"Use G, B, D, A. The formula is 1–3–5–9. Keep the B third: removing it changes the note collection to a suspended shape. The list above names the chord members. For a specific register, read the octave numbers on the selected example below. Start with G3 – B3 – D4 – A4. Then switch to G3 – A3 – B3 – D4. The A moves down one octave while the other three notes stay in place. Both examples keep G as the lowest note. This comparison changes spacing, not the bass. It is a pair of reference examples, not a complete inversion catalogue. Here, the higher layout is labelled Gadd9; the inside-the-triad layout is shown with the Gadd2 notation hint. This follows the textbook illustration, not a claim that every player uses the labels identically. Musicca also lists add2 as an alternative add9 label. For an exact arrangement, use the written pitches or score. For a note-identification exercise, separate the chord members from their octaves. This page's complete added-note examples include the third and no seventh. A ninth-chord formula includes a seventh; a sus2 collection omits the third. Compare the note lists, not just the number 9 in a symbol. Read G, B, D, A as four chord members. The A is the added member; it is not a finger number or a new key signature. Octave numbers such as C4 locate a register. They are separate from scale degrees and finger numbers. First choose the four note names in Gadd9, in any octave. Next select Match this example and reproduce the specific notes displayed. Correct chord tones in different octaves should receive a spacing hint, not a message that the chord itself is wrong. These browser exercises check your selection on this page, not a performance on an acoustic piano. Fingerings are not supplied; the diagrams are not a prescribed one-hand stretch. The reference brings together the formula, both keyboard layouts and their octave labels. Use it beside your keyboard when comparing the two examples.",,,,,,,,,,Current short or natural name is already clear; not a mechanical Piano-word rewrite.,NO_TDH_CHANGE,false,false,false,false,true,true,false
/chords/g-augmented,g-augmented,augmented,G Augmented,Gaug,G Augmented Piano Chord (Gaug): Notes & Inversions | PianoGrid,G Augmented Piano Chord,"Find the G augmented chord on piano: G, B, D♯. See three keyboard positions, sound and a printable reference.","The G Augmented chord contains G, B, D♯. Formula: 1–3–♯5.",local production HTML,local production HTML h1,false,g augmented chord,390,,,a60b623a-fe4d-4ce9-b831-ad52fbc1aa2e.png,2026-09-17,,UNCHECKED,ALREADY_CLEAR,,,,,G Augmented,G Augmented,"The g augmented triad uses a root, major third and augmented fifth.",No independent fingering dataset is authorized for N2B.,,,,,,,,,Current short or natural name is already clear; not a mechanical Piano-word rewrite.,NO_TDH_CHANGE,false,false,false,false,true,true,false
/chords/g-diminished,g-diminished,diminished,G Diminished,Gdim,G Diminished Piano Chord (Gdim): Notes & Inversions | PianoGrid,G Diminished Piano Chord,"Find the G diminished chord on piano: G, B♭, D♭. See three keyboard positions, sound and a printable reference.","The G Diminished chord contains G, B♭, D♭. Formula: 1–♭3–♭5.",local production HTML,local production HTML h1,false,g diminished chord,720,,,0d26efa8-bf8c-4209-bd71-cad9933ce78c.png,2026-09-17,,UNCHECKED,ALREADY_CLEAR,,,,,G Diminished,G Diminished,"The g diminished triad uses a root, minor third and diminished fifth.",No independent fingering dataset is authorized for N2B.,,,,,,,,,Current short or natural name is already clear; not a mechanical Piano-word rewrite.,NO_TDH_CHANGE,false,false,false,false,true,true,false
/chords/g-m7,g-m7,minor7,G Minor Seventh,Gm7,"Gm7 Chord: Piano Notes, Inversions, Sound & PDF | PianoGrid",Gm7 Chord,"Learn the Gm7 chord on piano: G, B♭, D and F. See keyboard diagrams, explore inversions, hear the chord and practice finding its notes.","Gm7, also called G minor seventh, contains G, B♭, D and F. Use the piano diagram to find the notes, hear the chord and explore its inversions.",local production HTML + chord-detail-seo-copy.ts,local production HTML h1,false,gm7 chord,1300,,,01c176a1-3f22-4499-84e8-03abc737972e.png,2026-09-17,,UNCHECKED,SAME_ENTITY_LABEL_ALIGNMENT|COPY_ARTICLE_CASE|COPY_ENGINEERING_FINGERING,"Gm7 Chord: Piano Notes, Inversions, Sound & PDF | PianoGrid",Gm7 Chord,"Learn the Gm7 chord on piano: G, B♭, D and F. See keyboard diagrams, explore inversions, hear the chord and practice finding its notes.","Gm7, also called G minor seventh, contains G, B♭, D and F. Use the piano diagram to find the notes, hear the chord and explore its inversions.",Gm7 Chord,Gm7 Chord,A g minor seventh is a minor triad plus a minor seventh.,No independently authorized fingering dataset is provided for N2C.,,,,,,,,"Fingerings are not included on this page. The diagram shows note positions, not a prescribed hand shape.",Same chordId/symbol. Short label Gm7 Chord applied locally via CHORD_DETAIL_SEO_COPY and editorial mapping. Music name/notes/URL unchanged. Not committed or published. Seed proposed_display_label=Gm7 Chord.,APPLIED_LOCAL,true,true,true,true,true,true,false
/chords/g-m7-flat5,g-m7-flat5,halfDiminished7,G Half-Diminished Seventh,Gm7♭5,"G Half-Diminished Chord (Gm7♭5): Piano Notes, Inversions, Sound & PDF",G Half-Diminished Chord (Gm7♭5),"Learn the G Half-Diminished Chord (Gm7♭5) on piano: G, B♭, D♭ and F. See keyboard diagrams, explore inversions and hear the chord.","G Half-Diminished Chord (Gm7♭5) contains G, B♭, D♭ and F. The compact symbol Gm7♭5 names the same chord. Use the piano diagram to find the notes, hear the chord and explore its inversions.",local production HTML + chord-detail-seo-copy.ts,local production HTML h1,false,g half diminished chord,20,g minor 7 flat 5 piano,20,83ae1cc2-860b-4772-b640-4d2f8caab6c8.png,2026-09-17,,UNCHECKED,SAME_ENTITY_LABEL_ALIGNMENT|COPY_ENGINEERING_FINGERING,"G Half-Diminished Chord (Gm7♭5): Piano Notes, Inversions, Sound & PDF",G Half-Diminished Chord (Gm7♭5),"Learn the G Half-Diminished Chord (Gm7♭5) on piano: G, B♭, D♭ and F. See keyboard diagrams, explore inversions and hear the chord.","G Half-Diminished Chord (Gm7♭5) contains G, B♭, D♭ and F. The compact symbol Gm7♭5 names the same chord. Use the piano diagram to find the notes, hear the chord and explore its inversions.",G Half-Diminished Chord (Gm7♭5),G Half-Diminished Chord (Gm7♭5),A g half-diminished seventh is a diminished triad plus a minor seventh.,No independently authorized fingering dataset is provided for N2C.,,,,,,,,"Fingerings are not included on this page. The diagram shows note positions, not a prescribed hand shape.",Same chordId/symbol. Short label G Half-Diminished Chord (Gm7♭5) applied locally via CHORD_DETAIL_SEO_COPY and editorial mapping. Music name/notes/URL unchanged. Not committed or published. Seed proposed_display_label=G Half-Diminished Chord (Gm7♭5).,APPLIED_LOCAL,true,false,true,true,true,true,false
/chords/g-madd9,g-madd9,minorAdd9,G minor add9,Gm(add9),"Gm(add9) Piano Chord: Notes, Voicings & Practice | PianoGrid",Gm(add9) Piano Chord,"Find Gm(add9) notes (G, B♭, D, A), compare two keyboard layouts, hear each one and practise chord tones or an exact voicing.","Gm(add9) contains G, B♭, D, A. Use 1–♭3–5–9 and do not add a seventh.",local production HTML,local production HTML h1,false,gmadd9,20,gm(add9) piano,20,abf5f6e3-2c5d-45d0-80d4-a49374d1728e.png,2026-09-18,,UNCHECKED,ALREADY_CLEAR,,,,,G minor add9,G minor add9,"Use G, B♭, D, A. The formula is 1–♭3–5–9. Keep the B♭ third: removing it changes the note collection to a suspended shape. The list above names the chord members. For a specific register, read the octave numbers on the selected example below. Start with G3 – B♭3 – D4 – A4. Then switch to G3 – A3 – B♭3 – D4. The A moves down one octave while the other three notes stay in place. Both examples keep G as the lowest note. This comparison changes spacing, not the bass. It is a pair of reference examples, not a complete inversion catalogue. Here, the higher layout is labelled Gm(add9); the inside-the-triad layout is shown with the Gm(add2) notation hint. This follows the textbook illustration, not a claim that every player uses the labels identically. Musicca also lists add2 as an alternative add9 label. For an exact arrangement, use the written pitches or score. For a note-identification exercise, separate the chord members from their octaves. This page's complete added-note examples include the third and no seventh. A ninth-chord formula includes a seventh; a sus2 collection omits the third. Compare the note lists, not just the number 9 in a symbol. Read G, B♭, D, A as four chord members. The A is the added member; it is not a finger number or a new key signature. Octave numbers such as C4 locate a register. They are separate from scale degrees and finger numbers. First choose the four note names in Gm(add9), in any octave. Next select Match this example and reproduce the specific notes displayed. Correct chord tones in different octaves should receive a spacing hint, not a message that the chord itself is wrong. These browser exercises check your selection on this page, not a performance on an acoustic piano. Fingerings are not supplied; the diagrams are not a prescribed one-hand stretch. The reference brings together the formula, both keyboard layouts and their octave labels. Use it beside your keyboard when comparing the two examples.",,,,,,,,,,Current short or natural name is already clear; not a mechanical Piano-word rewrite.,NO_TDH_CHANGE,false,false,false,false,true,true,false
/chords/g-maj7,g-maj7,major7,G Major Seventh,Gmaj7,"Gmaj7 Chord: Piano Notes, Inversions, Sound & PDF | PianoGrid",Gmaj7 Chord,"Learn the Gmaj7 chord on piano: G, B, D and F♯. See keyboard diagrams, explore inversions, hear the chord and practice finding its notes.","Gmaj7, also called G major seventh, contains G, B, D and F♯. Use the piano diagram to find the notes, hear the chord and explore its inversions.",local production HTML + chord-detail-seo-copy.ts,local production HTML h1,false,gmaj7 chord,1000,,,b52715f1-e57e-416e-be83-077fcec17be6.png,2026-09-17,,UNCHECKED,SAME_ENTITY_LABEL_ALIGNMENT|COPY_ARTICLE_CASE|COPY_ENGINEERING_FINGERING,"Gmaj7 Chord: Piano Notes, Inversions, Sound & PDF | PianoGrid",Gmaj7 Chord,"Learn the Gmaj7 chord on piano: G, B, D and F♯. See keyboard diagrams, explore inversions, hear the chord and practice finding its notes.","Gmaj7, also called G major seventh, contains G, B, D and F♯. Use the piano diagram to find the notes, hear the chord and explore its inversions.",Gmaj7 Chord,Gmaj7 Chord,A g major seventh is a major triad plus a major seventh.,No independently authorized fingering dataset is provided for N2C.,,,,,,,,"Fingerings are not included on this page. The diagram shows note positions, not a prescribed hand shape.",Same chordId/symbol. Short label Gmaj7 Chord applied locally via CHORD_DETAIL_SEO_COPY and editorial mapping. Music name/notes/URL unchanged. Not committed or published. Seed proposed_display_label=Gmaj7 Chord.,APPLIED_LOCAL,true,true,true,true,true,true,false
/chords/g-major,g-major,major,G Major Piano Chord (G),G,"G Major Piano Chord (G): Notes, Inversions & PDF | PianoGrid",G Major Piano Chord (G),"Find G major on piano with G, B and D. Compare its inversions, try a note-building exercise and print the three-position keyboard reference.","The G major chord contains G, B and D. Its formula is 1–3–5: a major third and a perfect fifth above G.",local production HTML,local production HTML h1,false,g major chord,5400,,,c45756ea-7b7c-4586-a97c-6d2dc1340942.png,2026-09-17,,UNCHECKED,ALREADY_CLEAR,,,,,G Major Piano Chord (G),G Major Piano Chord (G),,,,,,,,,,,Current short or natural name is already clear; not a mechanical Piano-word rewrite.,NO_TDH_CHANGE,false,false,false,false,true,true,true
/chords/g-minor,g-minor,minor,G Minor,Gm,"G Minor Chord – Piano Notes, Fingering & Inversions | PianoGrid",G Minor Chord,"Learn the G minor chord on piano, including the notes G–B♭–D, fingering, keyboard positions, root position, and inversions.","The G Minor chord contains G, B♭, D. Its formula is 1–♭3–5.",local production HTML + seo-editorial.ts,local production HTML h1,true,g minor chord,12100,,,c45756ea-7b7c-4586-a97c-6d2dc1340942.png,2026-09-17,,UNCHECKED,UPSTREAM_PROTECTED,,,,,G Minor Chord,G Minor Chord,,,,,,,,,,,Approved eight-page TDH from 5fa6cb6 is integrated and kept. Task 11 did not overwrite these fields.,UPSTREAM_PROTECTED,false,false,false,false,true,true,false
/chords/g-sharp-minor,g-sharp-minor,minor,G-sharp Minor,G♯m,"G-sharp Minor Piano Chord (G♯m): Notes, Inversions & PDF",G-sharp Minor Piano Chord,"Find the g-sharp minor chord on piano: G♯, B, D♯. See keyboard positions, compare three inversions, hear the notes and print a reference.","The G-sharp Minor chord contains G♯, B, D♯. Its formula is 1–♭3–5.",local production HTML,local production HTML h1,false,g sharp minor chord,590,,,b52715f1-e57e-416e-be83-077fcec17be6.png,2026-09-17,,UNCHECKED,ALREADY_CLEAR,,,,,G-sharp Minor,G-sharp Minor,,,,,,,,,,,Current short or natural name is already clear; not a mechanical Piano-word rewrite.,NO_TDH_CHANGE,false,false,false,false,true,true,false
/chords/g-sus2,g-sus2,sus2,G Suspended 2nd,Gsus2,"Gsus2 Chord: Piano Notes, Inversions, Sound & PDF | PianoGrid",Gsus2 Chord,"Learn the Gsus2 chord on piano: G, A and D. See keyboard diagrams, explore inversions, hear the chord and practice finding its notes.","Gsus2, also called G suspended second, contains G, A and D. Use the piano diagram to find the notes, hear the chord and explore its inversions.",local production HTML + chord-detail-seo-copy.ts,local production HTML h1,false,gsus2 chord,170,,,9647961e-4ab8-4675-bb14-e10b51c8982c.png,2026-09-17,,UNCHECKED,SAME_ENTITY_LABEL_ALIGNMENT,"Gsus2 Chord: Piano Notes, Inversions, Sound & PDF | PianoGrid",Gsus2 Chord,"Learn the Gsus2 chord on piano: G, A and D. See keyboard diagrams, explore inversions, hear the chord and practice finding its notes.","Gsus2, also called G suspended second, contains G, A and D. Use the piano diagram to find the notes, hear the chord and explore its inversions.",Gsus2 Chord,Gsus2 Chord,The g suspended 2nd chord replaces the third with a major second.,No independent fingering dataset is authorized for N2B.,,,,,,,,,Same chordId/symbol. Short label Gsus2 Chord applied locally via CHORD_DETAIL_SEO_COPY and editorial mapping. Music name/notes/URL unchanged. Not committed or published. Seed proposed_display_label=Gsus2 Chord.,APPLIED_LOCAL,true,false,false,true,true,true,false
/chords/g-sus4,g-sus4,sus4,G Suspended 4th,Gsus4,"Gsus4 Chord: Piano Notes, Inversions, Sound & PDF | PianoGrid",Gsus4 Chord,"Learn the Gsus4 chord on piano: G, C and D. See keyboard diagrams, explore inversions, hear the chord and practice finding its notes.","Gsus4, also called G suspended fourth, contains G, C and D. Use the piano diagram to find the notes, hear the chord and explore its inversions.",local production HTML + chord-detail-seo-copy.ts,local production HTML h1,false,gsus4 chord,590,,,0d26efa8-bf8c-4209-bd71-cad9933ce78c.png,2026-09-17,,UNCHECKED,SAME_ENTITY_LABEL_ALIGNMENT,"Gsus4 Chord: Piano Notes, Inversions, Sound & PDF | PianoGrid",Gsus4 Chord,"Learn the Gsus4 chord on piano: G, C and D. See keyboard diagrams, explore inversions, hear the chord and practice finding its notes.","Gsus4, also called G suspended fourth, contains G, C and D. Use the piano diagram to find the notes, hear the chord and explore its inversions.",Gsus4 Chord,Gsus4 Chord,The g suspended 4th chord replaces the third with a perfect fourth.,No independent fingering dataset is authorized for N2B.,,,,,,,,,Same chordId/symbol. Short label Gsus4 Chord applied locally via CHORD_DETAIL_SEO_COPY and editorial mapping. Music name/notes/URL unchanged. Not committed or published. Seed proposed_display_label=Gsus4 Chord.,APPLIED_LOCAL,true,false,false,true,true,true,false
