url,lastmod,source_sitemap,page_type,root_spelling,pitch_class,inferred_topics,evidence
https://www.pianochord.org/,,https://www.pianochord.org/sitemap.xml,Structure,,,,XML_MEMBER_URL_PATTERN_NOT_CONTENT_VERIFIED
https://www.pianochord.org/chord-converter.html,,https://www.pianochord.org/sitemap.xml,Unclassified,C,0,,XML_MEMBER_URL_PATTERN_NOT_CONTENT_VERIFIED
https://www.pianochord.org/roman-numerals-chord-converter.html,,https://www.pianochord.org/sitemap.xml,Unclassified,,,,XML_MEMBER_URL_PATTERN_NOT_CONTENT_VERIFIED
https://www.pianochord.org/keyboard-notes.html,,https://www.pianochord.org/sitemap.xml,Unclassified,,,,XML_MEMBER_URL_PATTERN_NOT_CONTENT_VERIFIED
https://www.pianochord.org/notation.html,,https://www.pianochord.org/sitemap.xml,Unclassified,,,,XML_MEMBER_URL_PATTERN_NOT_CONTENT_VERIFIED
https://www.pianochord.org/info.html,,https://www.pianochord.org/sitemap.xml,Unclassified,,,,XML_MEMBER_URL_PATTERN_NOT_CONTENT_VERIFIED
https://www.pianochord.org/overviews.html,,https://www.pianochord.org/sitemap.xml,Unclassified,,,,XML_MEMBER_URL_PATTERN_NOT_CONTENT_VERIFIED
https://www.pianochord.org/learn.html,,https://www.pianochord.org/sitemap.xml,Unclassified,,,,XML_MEMBER_URL_PATTERN_NOT_CONTENT_VERIFIED
https://www.pianochord.org/inversions.html,,https://www.pianochord.org/sitemap.xml,Unclassified,,,,XML_MEMBER_URL_PATTERN_NOT_CONTENT_VERIFIED
https://www.pianochord.org/chord-inversions-finder.html,,https://www.pianochord.org/sitemap.xml,Unclassified,C,0,,XML_MEMBER_URL_PATTERN_NOT_CONTENT_VERIFIED
https://www.pianochord.org/fingerings-movements.html,,https://www.pianochord.org/sitemap.xml,Unclassified,F,5,,XML_MEMBER_URL_PATTERN_NOT_CONTENT_VERIFIED
https://www.pianochord.org/chord-types.html,,https://www.pianochord.org/sitemap.xml,Unclassified,C,0,,XML_MEMBER_URL_PATTERN_NOT_CONTENT_VERIFIED
https://www.pianochord.org/chord-symbols.html,,https://www.pianochord.org/sitemap.xml,Unclassified,C,0,,XML_MEMBER_URL_PATTERN_NOT_CONTENT_VERIFIED
https://www.pianochord.org/chord-steps.html,,https://www.pianochord.org/sitemap.xml,Unclassified,C,0,,XML_MEMBER_URL_PATTERN_NOT_CONTENT_VERIFIED
https://www.pianochord.org/how-to-combine-piano-chords.html,,https://www.pianochord.org/sitemap.xml,Unclassified,,,,XML_MEMBER_URL_PATTERN_NOT_CONTENT_VERIFIED
https://www.pianochord.org/progressions.html,,https://www.pianochord.org/sitemap.xml,Unclassified,,,,XML_MEMBER_URL_PATTERN_NOT_CONTENT_VERIFIED
https://www.pianochord.org/progressions-jazz.html,,https://www.pianochord.org/sitemap.xml,Unclassified,,,,XML_MEMBER_URL_PATTERN_NOT_CONTENT_VERIFIED
https://www.pianochord.org/broken-chords.html,,https://www.pianochord.org/sitemap.xml,Unclassified,B,11,,XML_MEMBER_URL_PATTERN_NOT_CONTENT_VERIFIED
https://www.pianochord.org/chord-exercises.html,,https://www.pianochord.org/sitemap.xml,Unclassified,C,0,,XML_MEMBER_URL_PATTERN_NOT_CONTENT_VERIFIED
https://www.pianochord.org/voicings.html,,https://www.pianochord.org/sitemap.xml,Unclassified,,,,XML_MEMBER_URL_PATTERN_NOT_CONTENT_VERIFIED
https://www.pianochord.org/substitutions.html,,https://www.pianochord.org/sitemap.xml,Unclassified,,,,XML_MEMBER_URL_PATTERN_NOT_CONTENT_VERIFIED
https://www.pianochord.org/two-hands.html,,https://www.pianochord.org/sitemap.xml,Unclassified,,,,XML_MEMBER_URL_PATTERN_NOT_CONTENT_VERIFIED
https://www.pianochord.org/major.html,,https://www.pianochord.org/sitemap.xml,Family,,,Major,XML_MEMBER_URL_PATTERN_NOT_CONTENT_VERIFIED
https://www.pianochord.org/minor.html,,https://www.pianochord.org/sitemap.xml,Family,,,Minor,XML_MEMBER_URL_PATTERN_NOT_CONTENT_VERIFIED
https://www.pianochord.org/extended.html,,https://www.pianochord.org/sitemap.xml,Family,,,Extended,XML_MEMBER_URL_PATTERN_NOT_CONTENT_VERIFIED
https://www.pianochord.org/seventh.html,,https://www.pianochord.org/sitemap.xml,Family,,,Seventh,XML_MEMBER_URL_PATTERN_NOT_CONTENT_VERIFIED
https://www.pianochord.org/sus.html,,https://www.pianochord.org/sitemap.xml,Family,,,Suspended,XML_MEMBER_URL_PATTERN_NOT_CONTENT_VERIFIED
https://www.pianochord.org/dim.html,,https://www.pianochord.org/sitemap.xml,Family,,,Diminished,XML_MEMBER_URL_PATTERN_NOT_CONTENT_VERIFIED
https://www.pianochord.org/aug.html,,https://www.pianochord.org/sitemap.xml,Family,,,Augmented,XML_MEMBER_URL_PATTERN_NOT_CONTENT_VERIFIED
https://www.pianochord.org/altered.html,,https://www.pianochord.org/sitemap.xml,Family,,,Altered,XML_MEMBER_URL_PATTERN_NOT_CONTENT_VERIFIED
https://www.pianochord.org/add.html,,https://www.pianochord.org/sitemap.xml,Family,,,Add,XML_MEMBER_URL_PATTERN_NOT_CONTENT_VERIFIED
https://www.pianochord.org/misc.html,,https://www.pianochord.org/sitemap.xml,Unclassified,,,,XML_MEMBER_URL_PATTERN_NOT_CONTENT_VERIFIED
https://www.pianochord.org/chord-recognition-ear.html,,https://www.pianochord.org/sitemap.xml,Unclassified,C,0,,XML_MEMBER_URL_PATTERN_NOT_CONTENT_VERIFIED
https://www.pianochord.org/chord-recognition-visual.html,,https://www.pianochord.org/sitemap.xml,Unclassified,C,0,,XML_MEMBER_URL_PATTERN_NOT_CONTENT_VERIFIED
https://www.pianochord.org/a.html,,https://www.pianochord.org/sitemap.xml,Root hub,A,9,,XML_MEMBER_URL_PATTERN_NOT_CONTENT_VERIFIED
https://www.pianochord.org/a-filter.html,,https://www.pianochord.org/sitemap.xml,Root collection,A,9,,XML_MEMBER_URL_PATTERN_NOT_CONTENT_VERIFIED
https://www.pianochord.org/a-major.html,,https://www.pianochord.org/sitemap.xml,Detail candidate,A,9,Major,XML_MEMBER_URL_PATTERN_NOT_CONTENT_VERIFIED
https://www.pianochord.org/a-alternative-bass.html,,https://www.pianochord.org/sitemap.xml,Unclassified,A,9,,XML_MEMBER_URL_PATTERN_NOT_CONTENT_VERIFIED
https://www.pianochord.org/am.html,,https://www.pianochord.org/sitemap.xml,Detail candidate,A,9,Minor,XML_MEMBER_URL_PATTERN_NOT_CONTENT_VERIFIED
https://www.pianochord.org/am-alternative-bass.html,,https://www.pianochord.org/sitemap.xml,Unclassified,A,9,,XML_MEMBER_URL_PATTERN_NOT_CONTENT_VERIFIED
https://www.pianochord.org/a6-flat.html,,https://www.pianochord.org/sitemap.xml,Detail candidate,Ab,8,Major 6,XML_MEMBER_URL_PATTERN_NOT_CONTENT_VERIFIED
https://www.pianochord.org/a6-sharp.html,,https://www.pianochord.org/sitemap.xml,Detail candidate,A#,10,Major 6,XML_MEMBER_URL_PATTERN_NOT_CONTENT_VERIFIED
https://www.pianochord.org/a6.html,,https://www.pianochord.org/sitemap.xml,Detail candidate,A,9,Major 6,XML_MEMBER_URL_PATTERN_NOT_CONTENT_VERIFIED
https://www.pianochord.org/a-flat-6-9.html,,https://www.pianochord.org/sitemap.xml,Detail candidate,Ab,8,6/9,XML_MEMBER_URL_PATTERN_NOT_CONTENT_VERIFIED
https://www.pianochord.org/a-sharp-6-9.html,,https://www.pianochord.org/sitemap.xml,Detail candidate,A#,10,6/9,XML_MEMBER_URL_PATTERN_NOT_CONTENT_VERIFIED
https://www.pianochord.org/a6-9.html,,https://www.pianochord.org/sitemap.xml,Detail candidate,A,9,6/9,XML_MEMBER_URL_PATTERN_NOT_CONTENT_VERIFIED
https://www.pianochord.org/a7.html,,https://www.pianochord.org/sitemap.xml,Detail candidate,A,9,Dominant 7,XML_MEMBER_URL_PATTERN_NOT_CONTENT_VERIFIED
https://www.pianochord.org/a7-alternative-bass.html,,https://www.pianochord.org/sitemap.xml,Unclassified,A,9,,XML_MEMBER_URL_PATTERN_NOT_CONTENT_VERIFIED
https://www.pianochord.org/a-extended.html,,https://www.pianochord.org/sitemap.xml,Detail candidate,A,9,Dominant 9,XML_MEMBER_URL_PATTERN_NOT_CONTENT_VERIFIED
https://www.pianochord.org/a9-sus.html,,https://www.pianochord.org/sitemap.xml,Unclassified,A,9,,XML_MEMBER_URL_PATTERN_NOT_CONTENT_VERIFIED
https://www.pianochord.org/a11.html,,https://www.pianochord.org/sitemap.xml,Detail candidate,A,9,Dominant 11,XML_MEMBER_URL_PATTERN_NOT_CONTENT_VERIFIED
https://www.pianochord.org/a13.html,,https://www.pianochord.org/sitemap.xml,Detail candidate,A,9,Dominant 13,XML_MEMBER_URL_PATTERN_NOT_CONTENT_VERIFIED
https://www.pianochord.org/a5.html,,https://www.pianochord.org/sitemap.xml,Detail candidate,A,9,Power chord,XML_MEMBER_URL_PATTERN_NOT_CONTENT_VERIFIED
https://www.pianochord.org/a-altered.html,,https://www.pianochord.org/sitemap.xml,Unclassified,A,9,,XML_MEMBER_URL_PATTERN_NOT_CONTENT_VERIFIED
https://www.pianochord.org/a7-5.html,,https://www.pianochord.org/sitemap.xml,Detail candidate,A,9,Altered candidate,XML_MEMBER_URL_PATTERN_NOT_CONTENT_VERIFIED
https://www.pianochord.org/a7minus9.html,,https://www.pianochord.org/sitemap.xml,Unclassified,A,9,,XML_MEMBER_URL_PATTERN_NOT_CONTENT_VERIFIED
https://www.pianochord.org/a7plus9.html,,https://www.pianochord.org/sitemap.xml,Unclassified,A,9,,XML_MEMBER_URL_PATTERN_NOT_CONTENT_VERIFIED
https://www.pianochord.org/a7plus11.html,,https://www.pianochord.org/sitemap.xml,Unclassified,A,9,,XML_MEMBER_URL_PATTERN_NOT_CONTENT_VERIFIED
https://www.pianochord.org/a13plus11.html,,https://www.pianochord.org/sitemap.xml,Unclassified,A,9,,XML_MEMBER_URL_PATTERN_NOT_CONTENT_VERIFIED
https://www.pianochord.org/a13minus9.html,,https://www.pianochord.org/sitemap.xml,Unclassified,A,9,,XML_MEMBER_URL_PATTERN_NOT_CONTENT_VERIFIED
https://www.pianochord.org/a-flat-altered.html,,https://www.pianochord.org/sitemap.xml,Unclassified,Ab,8,,XML_MEMBER_URL_PATTERN_NOT_CONTENT_VERIFIED
https://www.pianochord.org/a-flat-7-5.html,,https://www.pianochord.org/sitemap.xml,Detail candidate,Ab,8,Altered candidate,XML_MEMBER_URL_PATTERN_NOT_CONTENT_VERIFIED
https://www.pianochord.org/a-flat-7minus9.html,,https://www.pianochord.org/sitemap.xml,Unclassified,Ab,8,,XML_MEMBER_URL_PATTERN_NOT_CONTENT_VERIFIED
https://www.pianochord.org/a-flat-7plus9.html,,https://www.pianochord.org/sitemap.xml,Unclassified,Ab,8,,XML_MEMBER_URL_PATTERN_NOT_CONTENT_VERIFIED
https://www.pianochord.org/a-flat-7plus11.html,,https://www.pianochord.org/sitemap.xml,Unclassified,Ab,8,,XML_MEMBER_URL_PATTERN_NOT_CONTENT_VERIFIED
https://www.pianochord.org/a-flat-13plus11.html,,https://www.pianochord.org/sitemap.xml,Unclassified,Ab,8,,XML_MEMBER_URL_PATTERN_NOT_CONTENT_VERIFIED
https://www.pianochord.org/a-flat-13minus9.html,,https://www.pianochord.org/sitemap.xml,Unclassified,Ab,8,,XML_MEMBER_URL_PATTERN_NOT_CONTENT_VERIFIED
https://www.pianochord.org/a-sharp-altered.html,,https://www.pianochord.org/sitemap.xml,Unclassified,A#,10,,XML_MEMBER_URL_PATTERN_NOT_CONTENT_VERIFIED
https://www.pianochord.org/a-sharp-7-5.html,,https://www.pianochord.org/sitemap.xml,Detail candidate,A#,10,Altered candidate,XML_MEMBER_URL_PATTERN_NOT_CONTENT_VERIFIED
https://www.pianochord.org/a-sharp-7minus9.html,,https://www.pianochord.org/sitemap.xml,Unclassified,A#,10,,XML_MEMBER_URL_PATTERN_NOT_CONTENT_VERIFIED
https://www.pianochord.org/a-sharp-7plus9.html,,https://www.pianochord.org/sitemap.xml,Unclassified,A#,10,,XML_MEMBER_URL_PATTERN_NOT_CONTENT_VERIFIED
https://www.pianochord.org/a-sharp-7plus11.html,,https://www.pianochord.org/sitemap.xml,Unclassified,A#,10,,XML_MEMBER_URL_PATTERN_NOT_CONTENT_VERIFIED
https://www.pianochord.org/a-sharp-13plus11.html,,https://www.pianochord.org/sitemap.xml,Unclassified,A#,10,,XML_MEMBER_URL_PATTERN_NOT_CONTENT_VERIFIED
https://www.pianochord.org/a-sharp-13minus9.html,,https://www.pianochord.org/sitemap.xml,Unclassified,A#,10,,XML_MEMBER_URL_PATTERN_NOT_CONTENT_VERIFIED
https://www.pianochord.org/a-sus.html,,https://www.pianochord.org/sitemap.xml,Detail candidate,A,9,Sus2;Sus4,XML_MEMBER_URL_PATTERN_NOT_CONTENT_VERIFIED
https://www.pianochord.org/a7-sus.html,,https://www.pianochord.org/sitemap.xml,Unclassified,A,9,,XML_MEMBER_URL_PATTERN_NOT_CONTENT_VERIFIED
https://www.pianochord.org/a-dim.html,,https://www.pianochord.org/sitemap.xml,Detail candidate,A,9,Diminished,XML_MEMBER_URL_PATTERN_NOT_CONTENT_VERIFIED
https://www.pianochord.org/a-dim7.html,,https://www.pianochord.org/sitemap.xml,Detail candidate,A,9,Diminished 7,XML_MEMBER_URL_PATTERN_NOT_CONTENT_VERIFIED
https://www.pianochord.org/a-aug.html,,https://www.pianochord.org/sitemap.xml,Detail candidate,A,9,Augmented,XML_MEMBER_URL_PATTERN_NOT_CONTENT_VERIFIED
https://www.pianochord.org/a-aug7.html,,https://www.pianochord.org/sitemap.xml,Detail candidate,A,9,Augmented 7,XML_MEMBER_URL_PATTERN_NOT_CONTENT_VERIFIED
https://www.pianochord.org/a-add.html,,https://www.pianochord.org/sitemap.xml,Detail candidate,A,9,Add9,XML_MEMBER_URL_PATTERN_NOT_CONTENT_VERIFIED
https://www.pianochord.org/a-add11.html,,https://www.pianochord.org/sitemap.xml,Unclassified,A,9,,XML_MEMBER_URL_PATTERN_NOT_CONTENT_VERIFIED
https://www.pianochord.org/a-flat.html,,https://www.pianochord.org/sitemap.xml,Root hub,Ab,8,,XML_MEMBER_URL_PATTERN_NOT_CONTENT_VERIFIED
https://www.pianochord.org/a-flat-filter.html,,https://www.pianochord.org/sitemap.xml,Root collection,Ab,8,,XML_MEMBER_URL_PATTERN_NOT_CONTENT_VERIFIED
https://www.pianochord.org/a-flat-major.html,,https://www.pianochord.org/sitemap.xml,Detail candidate,Ab,8,Major,XML_MEMBER_URL_PATTERN_NOT_CONTENT_VERIFIED
https://www.pianochord.org/am-flat.html,,https://www.pianochord.org/sitemap.xml,Detail candidate,Ab,8,Minor,XML_MEMBER_URL_PATTERN_NOT_CONTENT_VERIFIED
https://www.pianochord.org/am-flat-alternative-bass.html,,https://www.pianochord.org/sitemap.xml,Unclassified,Ab,8,,XML_MEMBER_URL_PATTERN_NOT_CONTENT_VERIFIED
https://www.pianochord.org/a7-flat.html,,https://www.pianochord.org/sitemap.xml,Detail candidate,Ab,8,Dominant 7,XML_MEMBER_URL_PATTERN_NOT_CONTENT_VERIFIED
https://www.pianochord.org/a-flat-extended.html,,https://www.pianochord.org/sitemap.xml,Detail candidate,Ab,8,Dominant 9,XML_MEMBER_URL_PATTERN_NOT_CONTENT_VERIFIED
https://www.pianochord.org/a9-flat-sus.html,,https://www.pianochord.org/sitemap.xml,Unclassified,Ab,8,,XML_MEMBER_URL_PATTERN_NOT_CONTENT_VERIFIED
https://www.pianochord.org/a-flat-11.html,,https://www.pianochord.org/sitemap.xml,Detail candidate,Ab,8,Dominant 11,XML_MEMBER_URL_PATTERN_NOT_CONTENT_VERIFIED
https://www.pianochord.org/a-flat-13.html,,https://www.pianochord.org/sitemap.xml,Detail candidate,Ab,8,Dominant 13,XML_MEMBER_URL_PATTERN_NOT_CONTENT_VERIFIED
https://www.pianochord.org/a-flat-5.html,,https://www.pianochord.org/sitemap.xml,Detail candidate,Ab,8,Power chord,XML_MEMBER_URL_PATTERN_NOT_CONTENT_VERIFIED
https://www.pianochord.org/a-flat-sus.html,,https://www.pianochord.org/sitemap.xml,Detail candidate,Ab,8,Sus2;Sus4,XML_MEMBER_URL_PATTERN_NOT_CONTENT_VERIFIED
https://www.pianochord.org/a7-flat-sus.html,,https://www.pianochord.org/sitemap.xml,Unclassified,Ab,8,,XML_MEMBER_URL_PATTERN_NOT_CONTENT_VERIFIED
https://www.pianochord.org/a-flat-dim.html,,https://www.pianochord.org/sitemap.xml,Detail candidate,Ab,8,Diminished,XML_MEMBER_URL_PATTERN_NOT_CONTENT_VERIFIED
https://www.pianochord.org/a-flat-dim7.html,,https://www.pianochord.org/sitemap.xml,Detail candidate,Ab,8,Diminished 7,XML_MEMBER_URL_PATTERN_NOT_CONTENT_VERIFIED
https://www.pianochord.org/a-flat-aug.html,,https://www.pianochord.org/sitemap.xml,Detail candidate,Ab,8,Augmented,XML_MEMBER_URL_PATTERN_NOT_CONTENT_VERIFIED
https://www.pianochord.org/a-flat-aug7.html,,https://www.pianochord.org/sitemap.xml,Detail candidate,Ab,8,Augmented 7,XML_MEMBER_URL_PATTERN_NOT_CONTENT_VERIFIED
https://www.pianochord.org/a-flat-add.html,,https://www.pianochord.org/sitemap.xml,Detail candidate,Ab,8,Add9,XML_MEMBER_URL_PATTERN_NOT_CONTENT_VERIFIED
https://www.pianochord.org/a-flat-add11.html,,https://www.pianochord.org/sitemap.xml,Unclassified,Ab,8,,XML_MEMBER_URL_PATTERN_NOT_CONTENT_VERIFIED
https://www.pianochord.org/a-sharp.html,,https://www.pianochord.org/sitemap.xml,Root hub,A#,10,,XML_MEMBER_URL_PATTERN_NOT_CONTENT_VERIFIED
https://www.pianochord.org/a-sharp-filter.html,,https://www.pianochord.org/sitemap.xml,Root collection,A#,10,,XML_MEMBER_URL_PATTERN_NOT_CONTENT_VERIFIED
https://www.pianochord.org/a-sharp-major.html,,https://www.pianochord.org/sitemap.xml,Detail candidate,A#,10,Major,XML_MEMBER_URL_PATTERN_NOT_CONTENT_VERIFIED
https://www.pianochord.org/am-sharp.html,,https://www.pianochord.org/sitemap.xml,Detail candidate,A#,10,Minor,XML_MEMBER_URL_PATTERN_NOT_CONTENT_VERIFIED
https://www.pianochord.org/am-sharp-alternative-bass.html,,https://www.pianochord.org/sitemap.xml,Unclassified,A#,10,,XML_MEMBER_URL_PATTERN_NOT_CONTENT_VERIFIED
https://www.pianochord.org/a7-sharp.html,,https://www.pianochord.org/sitemap.xml,Detail candidate,A#,10,Dominant 7,XML_MEMBER_URL_PATTERN_NOT_CONTENT_VERIFIED
https://www.pianochord.org/a-sharp-extended.html,,https://www.pianochord.org/sitemap.xml,Detail candidate,A#,10,Dominant 9,XML_MEMBER_URL_PATTERN_NOT_CONTENT_VERIFIED
https://www.pianochord.org/a9-sharp-sus.html,,https://www.pianochord.org/sitemap.xml,Unclassified,A#,10,,XML_MEMBER_URL_PATTERN_NOT_CONTENT_VERIFIED
https://www.pianochord.org/a-sharp-11.html,,https://www.pianochord.org/sitemap.xml,Detail candidate,A#,10,Dominant 11,XML_MEMBER_URL_PATTERN_NOT_CONTENT_VERIFIED
https://www.pianochord.org/a-sharp-13.html,,https://www.pianochord.org/sitemap.xml,Detail candidate,A#,10,Dominant 13,XML_MEMBER_URL_PATTERN_NOT_CONTENT_VERIFIED
https://www.pianochord.org/a-sharp-5.html,,https://www.pianochord.org/sitemap.xml,Detail candidate,A#,10,Power chord,XML_MEMBER_URL_PATTERN_NOT_CONTENT_VERIFIED
https://www.pianochord.org/a-sharp-sus.html,,https://www.pianochord.org/sitemap.xml,Detail candidate,A#,10,Sus2;Sus4,XML_MEMBER_URL_PATTERN_NOT_CONTENT_VERIFIED
https://www.pianochord.org/a7-sharp-sus.html,,https://www.pianochord.org/sitemap.xml,Unclassified,A#,10,,XML_MEMBER_URL_PATTERN_NOT_CONTENT_VERIFIED
https://www.pianochord.org/a-sharp-dim.html,,https://www.pianochord.org/sitemap.xml,Detail candidate,A#,10,Diminished,XML_MEMBER_URL_PATTERN_NOT_CONTENT_VERIFIED
https://www.pianochord.org/a-sharp-dim7.html,,https://www.pianochord.org/sitemap.xml,Detail candidate,A#,10,Diminished 7,XML_MEMBER_URL_PATTERN_NOT_CONTENT_VERIFIED
https://www.pianochord.org/a-sharp-aug.html,,https://www.pianochord.org/sitemap.xml,Detail candidate,A#,10,Augmented,XML_MEMBER_URL_PATTERN_NOT_CONTENT_VERIFIED
https://www.pianochord.org/a-sharp-aug7.html,,https://www.pianochord.org/sitemap.xml,Detail candidate,A#,10,Augmented 7,XML_MEMBER_URL_PATTERN_NOT_CONTENT_VERIFIED
https://www.pianochord.org/a-sharp-add.html,,https://www.pianochord.org/sitemap.xml,Detail candidate,A#,10,Add9,XML_MEMBER_URL_PATTERN_NOT_CONTENT_VERIFIED
https://www.pianochord.org/a-sharp-add11.html,,https://www.pianochord.org/sitemap.xml,Unclassified,A#,10,,XML_MEMBER_URL_PATTERN_NOT_CONTENT_VERIFIED
https://www.pianochord.org/am-flat-add.html,,https://www.pianochord.org/sitemap.xml,Detail candidate,Ab,8,Minor Add9,XML_MEMBER_URL_PATTERN_NOT_CONTENT_VERIFIED
https://www.pianochord.org/am-sharp-add.html,,https://www.pianochord.org/sitemap.xml,Detail candidate,A#,10,Minor Add9,XML_MEMBER_URL_PATTERN_NOT_CONTENT_VERIFIED
https://www.pianochord.org/am6-flat.html,,https://www.pianochord.org/sitemap.xml,Detail candidate,Ab,8,Minor 6,XML_MEMBER_URL_PATTERN_NOT_CONTENT_VERIFIED
https://www.pianochord.org/am6-sharp.html,,https://www.pianochord.org/sitemap.xml,Detail candidate,A#,10,Minor 6,XML_MEMBER_URL_PATTERN_NOT_CONTENT_VERIFIED
https://www.pianochord.org/am6.html,,https://www.pianochord.org/sitemap.xml,Detail candidate,A,9,Minor 6,XML_MEMBER_URL_PATTERN_NOT_CONTENT_VERIFIED
https://www.pianochord.org/am-flat-6-9.html,,https://www.pianochord.org/sitemap.xml,Unclassified,Ab,8,,XML_MEMBER_URL_PATTERN_NOT_CONTENT_VERIFIED
https://www.pianochord.org/am-sharp-6-9.html,,https://www.pianochord.org/sitemap.xml,Unclassified,A#,10,,XML_MEMBER_URL_PATTERN_NOT_CONTENT_VERIFIED
https://www.pianochord.org/am6-9.html,,https://www.pianochord.org/sitemap.xml,Unclassified,A,9,,XML_MEMBER_URL_PATTERN_NOT_CONTENT_VERIFIED
https://www.pianochord.org/am7-flat.html,,https://www.pianochord.org/sitemap.xml,Detail candidate,Ab,8,Minor 7,XML_MEMBER_URL_PATTERN_NOT_CONTENT_VERIFIED
https://www.pianochord.org/aminmaj7-flat.html,,https://www.pianochord.org/sitemap.xml,Unclassified,Ab,8,,XML_MEMBER_URL_PATTERN_NOT_CONTENT_VERIFIED
https://www.pianochord.org/aminmaj9-flat.html,,https://www.pianochord.org/sitemap.xml,Unclassified,Ab,8,,XML_MEMBER_URL_PATTERN_NOT_CONTENT_VERIFIED
https://www.pianochord.org/am7-sharp.html,,https://www.pianochord.org/sitemap.xml,Detail candidate,A#,10,Minor 7,XML_MEMBER_URL_PATTERN_NOT_CONTENT_VERIFIED
https://www.pianochord.org/aminmaj7-sharp.html,,https://www.pianochord.org/sitemap.xml,Unclassified,A#,10,,XML_MEMBER_URL_PATTERN_NOT_CONTENT_VERIFIED
https://www.pianochord.org/aminmaj9-sharp.html,,https://www.pianochord.org/sitemap.xml,Unclassified,A#,10,,XML_MEMBER_URL_PATTERN_NOT_CONTENT_VERIFIED
https://www.pianochord.org/am7.html,,https://www.pianochord.org/sitemap.xml,Detail candidate,A,9,Minor 7,XML_MEMBER_URL_PATTERN_NOT_CONTENT_VERIFIED
https://www.pianochord.org/am7-alternative-bass.html,,https://www.pianochord.org/sitemap.xml,Unclassified,A,9,,XML_MEMBER_URL_PATTERN_NOT_CONTENT_VERIFIED
https://www.pianochord.org/aminmaj7.html,,https://www.pianochord.org/sitemap.xml,Unclassified,A,9,,XML_MEMBER_URL_PATTERN_NOT_CONTENT_VERIFIED
https://www.pianochord.org/aminmaj9.html,,https://www.pianochord.org/sitemap.xml,Unclassified,A,9,,XML_MEMBER_URL_PATTERN_NOT_CONTENT_VERIFIED
https://www.pianochord.org/am7-sharp-m7b5.html,,https://www.pianochord.org/sitemap.xml,Unclassified,A#,10,,XML_MEMBER_URL_PATTERN_NOT_CONTENT_VERIFIED
https://www.pianochord.org/am7-m7b5.html,,https://www.pianochord.org/sitemap.xml,Unclassified,A,9,,XML_MEMBER_URL_PATTERN_NOT_CONTENT_VERIFIED
https://www.pianochord.org/amaj7-flat.html,,https://www.pianochord.org/sitemap.xml,Detail candidate,Ab,8,Major 7,XML_MEMBER_URL_PATTERN_NOT_CONTENT_VERIFIED
https://www.pianochord.org/amaj7-sharp.html,,https://www.pianochord.org/sitemap.xml,Detail candidate,A#,10,Major 7,XML_MEMBER_URL_PATTERN_NOT_CONTENT_VERIFIED
https://www.pianochord.org/amaj7.html,,https://www.pianochord.org/sitemap.xml,Detail candidate,A,9,Major 7,XML_MEMBER_URL_PATTERN_NOT_CONTENT_VERIFIED
https://www.pianochord.org/amaj9-flat.html,,https://www.pianochord.org/sitemap.xml,Detail candidate,Ab,8,Major 9,XML_MEMBER_URL_PATTERN_NOT_CONTENT_VERIFIED
https://www.pianochord.org/amaj9-sharp.html,,https://www.pianochord.org/sitemap.xml,Detail candidate,A#,10,Major 9,XML_MEMBER_URL_PATTERN_NOT_CONTENT_VERIFIED
https://www.pianochord.org/amaj9.html,,https://www.pianochord.org/sitemap.xml,Detail candidate,A,9,Major 9,XML_MEMBER_URL_PATTERN_NOT_CONTENT_VERIFIED
https://www.pianochord.org/am9-flat.html,,https://www.pianochord.org/sitemap.xml,Detail candidate,Ab,8,Minor 9,XML_MEMBER_URL_PATTERN_NOT_CONTENT_VERIFIED
https://www.pianochord.org/am9-sharp.html,,https://www.pianochord.org/sitemap.xml,Detail candidate,A#,10,Minor 9,XML_MEMBER_URL_PATTERN_NOT_CONTENT_VERIFIED
https://www.pianochord.org/am9.html,,https://www.pianochord.org/sitemap.xml,Detail candidate,A,9,Minor 9,XML_MEMBER_URL_PATTERN_NOT_CONTENT_VERIFIED
https://www.pianochord.org/am11-flat.html,,https://www.pianochord.org/sitemap.xml,Detail candidate,Ab,8,Minor 11,XML_MEMBER_URL_PATTERN_NOT_CONTENT_VERIFIED
https://www.pianochord.org/am11-sharp.html,,https://www.pianochord.org/sitemap.xml,Detail candidate,A#,10,Minor 11,XML_MEMBER_URL_PATTERN_NOT_CONTENT_VERIFIED
https://www.pianochord.org/am11.html,,https://www.pianochord.org/sitemap.xml,Detail candidate,A,9,Minor 11,XML_MEMBER_URL_PATTERN_NOT_CONTENT_VERIFIED
https://www.pianochord.org/amaj11.html,,https://www.pianochord.org/sitemap.xml,Detail candidate,A,9,Major 11,XML_MEMBER_URL_PATTERN_NOT_CONTENT_VERIFIED
https://www.pianochord.org/amaj11-flat.html,,https://www.pianochord.org/sitemap.xml,Detail candidate,Ab,8,Major 11,XML_MEMBER_URL_PATTERN_NOT_CONTENT_VERIFIED
https://www.pianochord.org/amaj11-sharp.html,,https://www.pianochord.org/sitemap.xml,Detail candidate,A#,10,Major 11,XML_MEMBER_URL_PATTERN_NOT_CONTENT_VERIFIED
https://www.pianochord.org/am13-flat.html,,https://www.pianochord.org/sitemap.xml,Detail candidate,Ab,8,Minor 13,XML_MEMBER_URL_PATTERN_NOT_CONTENT_VERIFIED
https://www.pianochord.org/am13-sharp.html,,https://www.pianochord.org/sitemap.xml,Detail candidate,A#,10,Minor 13,XML_MEMBER_URL_PATTERN_NOT_CONTENT_VERIFIED
https://www.pianochord.org/am13.html,,https://www.pianochord.org/sitemap.xml,Detail candidate,A,9,Minor 13,XML_MEMBER_URL_PATTERN_NOT_CONTENT_VERIFIED
https://www.pianochord.org/amaj13-flat.html,,https://www.pianochord.org/sitemap.xml,Detail candidate,Ab,8,Major 13,XML_MEMBER_URL_PATTERN_NOT_CONTENT_VERIFIED
https://www.pianochord.org/amaj13-sharp.html,,https://www.pianochord.org/sitemap.xml,Detail candidate,A#,10,Major 13,XML_MEMBER_URL_PATTERN_NOT_CONTENT_VERIFIED
https://www.pianochord.org/amaj13.html,,https://www.pianochord.org/sitemap.xml,Detail candidate,A,9,Major 13,XML_MEMBER_URL_PATTERN_NOT_CONTENT_VERIFIED
https://www.pianochord.org/am-add.html,,https://www.pianochord.org/sitemap.xml,Detail candidate,A,9,Minor Add9,XML_MEMBER_URL_PATTERN_NOT_CONTENT_VERIFIED
https://www.pianochord.org/b.html,,https://www.pianochord.org/sitemap.xml,Root hub,B,11,,XML_MEMBER_URL_PATTERN_NOT_CONTENT_VERIFIED
https://www.pianochord.org/b-filter.html,,https://www.pianochord.org/sitemap.xml,Root collection,B,11,,XML_MEMBER_URL_PATTERN_NOT_CONTENT_VERIFIED
https://www.pianochord.org/b-major.html,,https://www.pianochord.org/sitemap.xml,Detail candidate,B,11,Major,XML_MEMBER_URL_PATTERN_NOT_CONTENT_VERIFIED
https://www.pianochord.org/b-alternative-bass.html,,https://www.pianochord.org/sitemap.xml,Unclassified,B,11,,XML_MEMBER_URL_PATTERN_NOT_CONTENT_VERIFIED
https://www.pianochord.org/bm.html,,https://www.pianochord.org/sitemap.xml,Detail candidate,B,11,Minor,XML_MEMBER_URL_PATTERN_NOT_CONTENT_VERIFIED
https://www.pianochord.org/bm-alternative-bass.html,,https://www.pianochord.org/sitemap.xml,Unclassified,B,11,,XML_MEMBER_URL_PATTERN_NOT_CONTENT_VERIFIED
https://www.pianochord.org/b7.html,,https://www.pianochord.org/sitemap.xml,Detail candidate,B,11,Dominant 7,XML_MEMBER_URL_PATTERN_NOT_CONTENT_VERIFIED
https://www.pianochord.org/b7-alternative-bass.html,,https://www.pianochord.org/sitemap.xml,Unclassified,B,11,,XML_MEMBER_URL_PATTERN_NOT_CONTENT_VERIFIED
https://www.pianochord.org/b-extended.html,,https://www.pianochord.org/sitemap.xml,Detail candidate,B,11,Dominant 9,XML_MEMBER_URL_PATTERN_NOT_CONTENT_VERIFIED
https://www.pianochord.org/b9-sus.html,,https://www.pianochord.org/sitemap.xml,Unclassified,B,11,,XML_MEMBER_URL_PATTERN_NOT_CONTENT_VERIFIED
https://www.pianochord.org/b11.html,,https://www.pianochord.org/sitemap.xml,Detail candidate,B,11,Dominant 11,XML_MEMBER_URL_PATTERN_NOT_CONTENT_VERIFIED
https://www.pianochord.org/b13.html,,https://www.pianochord.org/sitemap.xml,Detail candidate,B,11,Dominant 13,XML_MEMBER_URL_PATTERN_NOT_CONTENT_VERIFIED
https://www.pianochord.org/b5.html,,https://www.pianochord.org/sitemap.xml,Detail candidate,B,11,Power chord,XML_MEMBER_URL_PATTERN_NOT_CONTENT_VERIFIED
https://www.pianochord.org/b-altered.html,,https://www.pianochord.org/sitemap.xml,Unclassified,B,11,,XML_MEMBER_URL_PATTERN_NOT_CONTENT_VERIFIED
https://www.pianochord.org/b7-5.html,,https://www.pianochord.org/sitemap.xml,Detail candidate,B,11,Altered candidate,XML_MEMBER_URL_PATTERN_NOT_CONTENT_VERIFIED
https://www.pianochord.org/b7minus9.html,,https://www.pianochord.org/sitemap.xml,Unclassified,B,11,,XML_MEMBER_URL_PATTERN_NOT_CONTENT_VERIFIED
https://www.pianochord.org/b7plus9.html,,https://www.pianochord.org/sitemap.xml,Unclassified,B,11,,XML_MEMBER_URL_PATTERN_NOT_CONTENT_VERIFIED
https://www.pianochord.org/b7plus11.html,,https://www.pianochord.org/sitemap.xml,Unclassified,B,11,,XML_MEMBER_URL_PATTERN_NOT_CONTENT_VERIFIED
https://www.pianochord.org/b13plus11.html,,https://www.pianochord.org/sitemap.xml,Unclassified,B,11,,XML_MEMBER_URL_PATTERN_NOT_CONTENT_VERIFIED
https://www.pianochord.org/b13minus9.html,,https://www.pianochord.org/sitemap.xml,Unclassified,B,11,,XML_MEMBER_URL_PATTERN_NOT_CONTENT_VERIFIED
https://www.pianochord.org/b-flat-altered.html,,https://www.pianochord.org/sitemap.xml,Unclassified,Bb,10,,XML_MEMBER_URL_PATTERN_NOT_CONTENT_VERIFIED
https://www.pianochord.org/b-flat-7-5.html,,https://www.pianochord.org/sitemap.xml,Detail candidate,Bb,10,Altered candidate,XML_MEMBER_URL_PATTERN_NOT_CONTENT_VERIFIED
https://www.pianochord.org/b-flat-7minus9.html,,https://www.pianochord.org/sitemap.xml,Unclassified,Bb,10,,XML_MEMBER_URL_PATTERN_NOT_CONTENT_VERIFIED
https://www.pianochord.org/b-flat-7plus9.html,,https://www.pianochord.org/sitemap.xml,Unclassified,Bb,10,,XML_MEMBER_URL_PATTERN_NOT_CONTENT_VERIFIED
https://www.pianochord.org/b-flat-7plus11.html,,https://www.pianochord.org/sitemap.xml,Unclassified,Bb,10,,XML_MEMBER_URL_PATTERN_NOT_CONTENT_VERIFIED
https://www.pianochord.org/b-flat-13plus11.html,,https://www.pianochord.org/sitemap.xml,Unclassified,Bb,10,,XML_MEMBER_URL_PATTERN_NOT_CONTENT_VERIFIED
https://www.pianochord.org/b-flat-13minus9.html,,https://www.pianochord.org/sitemap.xml,Unclassified,Bb,10,,XML_MEMBER_URL_PATTERN_NOT_CONTENT_VERIFIED
https://www.pianochord.org/b-sus.html,,https://www.pianochord.org/sitemap.xml,Detail candidate,B,11,Sus2;Sus4,XML_MEMBER_URL_PATTERN_NOT_CONTENT_VERIFIED
https://www.pianochord.org/b7-sus.html,,https://www.pianochord.org/sitemap.xml,Unclassified,B,11,,XML_MEMBER_URL_PATTERN_NOT_CONTENT_VERIFIED
https://www.pianochord.org/b-dim.html,,https://www.pianochord.org/sitemap.xml,Detail candidate,B,11,Diminished,XML_MEMBER_URL_PATTERN_NOT_CONTENT_VERIFIED
https://www.pianochord.org/b-dim7.html,,https://www.pianochord.org/sitemap.xml,Detail candidate,B,11,Diminished 7,XML_MEMBER_URL_PATTERN_NOT_CONTENT_VERIFIED
https://www.pianochord.org/b-aug.html,,https://www.pianochord.org/sitemap.xml,Detail candidate,B,11,Augmented,XML_MEMBER_URL_PATTERN_NOT_CONTENT_VERIFIED
https://www.pianochord.org/b-aug7.html,,https://www.pianochord.org/sitemap.xml,Detail candidate,B,11,Augmented 7,XML_MEMBER_URL_PATTERN_NOT_CONTENT_VERIFIED
https://www.pianochord.org/b-add.html,,https://www.pianochord.org/sitemap.xml,Detail candidate,B,11,Add9,XML_MEMBER_URL_PATTERN_NOT_CONTENT_VERIFIED
https://www.pianochord.org/b-add11.html,,https://www.pianochord.org/sitemap.xml,Unclassified,B,11,,XML_MEMBER_URL_PATTERN_NOT_CONTENT_VERIFIED
https://www.pianochord.org/b-flat.html,,https://www.pianochord.org/sitemap.xml,Root hub,Bb,10,,XML_MEMBER_URL_PATTERN_NOT_CONTENT_VERIFIED
https://www.pianochord.org/b-flat-filter.html,,https://www.pianochord.org/sitemap.xml,Root collection,Bb,10,,XML_MEMBER_URL_PATTERN_NOT_CONTENT_VERIFIED
https://www.pianochord.org/b-flat-major.html,,https://www.pianochord.org/sitemap.xml,Detail candidate,Bb,10,Major,XML_MEMBER_URL_PATTERN_NOT_CONTENT_VERIFIED
https://www.pianochord.org/bm-flat.html,,https://www.pianochord.org/sitemap.xml,Detail candidate,Bb,10,Minor,XML_MEMBER_URL_PATTERN_NOT_CONTENT_VERIFIED
https://www.pianochord.org/bm-flat-alternative-bass.html,,https://www.pianochord.org/sitemap.xml,Unclassified,Bb,10,,XML_MEMBER_URL_PATTERN_NOT_CONTENT_VERIFIED
https://www.pianochord.org/b6-flat.html,,https://www.pianochord.org/sitemap.xml,Detail candidate,Bb,10,Major 6,XML_MEMBER_URL_PATTERN_NOT_CONTENT_VERIFIED
https://www.pianochord.org/b6.html,,https://www.pianochord.org/sitemap.xml,Detail candidate,B,11,Major 6,XML_MEMBER_URL_PATTERN_NOT_CONTENT_VERIFIED
https://www.pianochord.org/b-flat-6-9.html,,https://www.pianochord.org/sitemap.xml,Detail candidate,Bb,10,6/9,XML_MEMBER_URL_PATTERN_NOT_CONTENT_VERIFIED
https://www.pianochord.org/b6-9.html,,https://www.pianochord.org/sitemap.xml,Detail candidate,B,11,6/9,XML_MEMBER_URL_PATTERN_NOT_CONTENT_VERIFIED
https://www.pianochord.org/b7-flat.html,,https://www.pianochord.org/sitemap.xml,Detail candidate,Bb,10,Dominant 7,XML_MEMBER_URL_PATTERN_NOT_CONTENT_VERIFIED
https://www.pianochord.org/b-flat-extended.html,,https://www.pianochord.org/sitemap.xml,Detail candidate,Bb,10,Dominant 9,XML_MEMBER_URL_PATTERN_NOT_CONTENT_VERIFIED
https://www.pianochord.org/b9-flat-sus.html,,https://www.pianochord.org/sitemap.xml,Unclassified,Bb,10,,XML_MEMBER_URL_PATTERN_NOT_CONTENT_VERIFIED
https://www.pianochord.org/b-flat-11.html,,https://www.pianochord.org/sitemap.xml,Detail candidate,Bb,10,Dominant 11,XML_MEMBER_URL_PATTERN_NOT_CONTENT_VERIFIED
https://www.pianochord.org/b-flat-13.html,,https://www.pianochord.org/sitemap.xml,Detail candidate,Bb,10,Dominant 13,XML_MEMBER_URL_PATTERN_NOT_CONTENT_VERIFIED
https://www.pianochord.org/b-flat-5.html,,https://www.pianochord.org/sitemap.xml,Detail candidate,Bb,10,Power chord,XML_MEMBER_URL_PATTERN_NOT_CONTENT_VERIFIED
https://www.pianochord.org/b-flat-sus.html,,https://www.pianochord.org/sitemap.xml,Detail candidate,Bb,10,Sus2;Sus4,XML_MEMBER_URL_PATTERN_NOT_CONTENT_VERIFIED
https://www.pianochord.org/b7-flat-sus.html,,https://www.pianochord.org/sitemap.xml,Unclassified,Bb,10,,XML_MEMBER_URL_PATTERN_NOT_CONTENT_VERIFIED
https://www.pianochord.org/b-flat-dim.html,,https://www.pianochord.org/sitemap.xml,Detail candidate,Bb,10,Diminished,XML_MEMBER_URL_PATTERN_NOT_CONTENT_VERIFIED
https://www.pianochord.org/b-flat-dim7.html,,https://www.pianochord.org/sitemap.xml,Detail candidate,Bb,10,Diminished 7,XML_MEMBER_URL_PATTERN_NOT_CONTENT_VERIFIED
https://www.pianochord.org/b-flat-aug.html,,https://www.pianochord.org/sitemap.xml,Detail candidate,Bb,10,Augmented,XML_MEMBER_URL_PATTERN_NOT_CONTENT_VERIFIED
https://www.pianochord.org/b-flat-aug7.html,,https://www.pianochord.org/sitemap.xml,Detail candidate,Bb,10,Augmented 7,XML_MEMBER_URL_PATTERN_NOT_CONTENT_VERIFIED
https://www.pianochord.org/b-flat-add.html,,https://www.pianochord.org/sitemap.xml,Detail candidate,Bb,10,Add9,XML_MEMBER_URL_PATTERN_NOT_CONTENT_VERIFIED
https://www.pianochord.org/b-flat-add11.html,,https://www.pianochord.org/sitemap.xml,Unclassified,Bb,10,,XML_MEMBER_URL_PATTERN_NOT_CONTENT_VERIFIED
https://www.pianochord.org/bm-flat-add.html,,https://www.pianochord.org/sitemap.xml,Detail candidate,Bb,10,Minor Add9,XML_MEMBER_URL_PATTERN_NOT_CONTENT_VERIFIED
https://www.pianochord.org/bm6-flat.html,,https://www.pianochord.org/sitemap.xml,Detail candidate,Bb,10,Minor 6,XML_MEMBER_URL_PATTERN_NOT_CONTENT_VERIFIED
https://www.pianochord.org/bm6.html,,https://www.pianochord.org/sitemap.xml,Detail candidate,B,11,Minor 6,XML_MEMBER_URL_PATTERN_NOT_CONTENT_VERIFIED
https://www.pianochord.org/bm-flat-6-9.html,,https://www.pianochord.org/sitemap.xml,Unclassified,Bb,10,,XML_MEMBER_URL_PATTERN_NOT_CONTENT_VERIFIED
https://www.pianochord.org/bm6-9.html,,https://www.pianochord.org/sitemap.xml,Unclassified,B,11,,XML_MEMBER_URL_PATTERN_NOT_CONTENT_VERIFIED
https://www.pianochord.org/bm7-flat.html,,https://www.pianochord.org/sitemap.xml,Detail candidate,Bb,10,Minor 7,XML_MEMBER_URL_PATTERN_NOT_CONTENT_VERIFIED
https://www.pianochord.org/bminmaj7-flat.html,,https://www.pianochord.org/sitemap.xml,Unclassified,Bb,10,,XML_MEMBER_URL_PATTERN_NOT_CONTENT_VERIFIED
https://www.pianochord.org/bminmaj9-flat.html,,https://www.pianochord.org/sitemap.xml,Unclassified,Bb,10,,XML_MEMBER_URL_PATTERN_NOT_CONTENT_VERIFIED
https://www.pianochord.org/bm7.html,,https://www.pianochord.org/sitemap.xml,Detail candidate,B,11,Minor 7,XML_MEMBER_URL_PATTERN_NOT_CONTENT_VERIFIED
https://www.pianochord.org/bm7-alternative-bass.html,,https://www.pianochord.org/sitemap.xml,Unclassified,B,11,,XML_MEMBER_URL_PATTERN_NOT_CONTENT_VERIFIED
https://www.pianochord.org/bminmaj7.html,,https://www.pianochord.org/sitemap.xml,Unclassified,B,11,,XML_MEMBER_URL_PATTERN_NOT_CONTENT_VERIFIED
https://www.pianochord.org/bminmaj9.html,,https://www.pianochord.org/sitemap.xml,Unclassified,B,11,,XML_MEMBER_URL_PATTERN_NOT_CONTENT_VERIFIED
https://www.pianochord.org/bm7-flat-m7b5.html,,https://www.pianochord.org/sitemap.xml,Unclassified,Bb,10,,XML_MEMBER_URL_PATTERN_NOT_CONTENT_VERIFIED
https://www.pianochord.org/bm7-m7b5.html,,https://www.pianochord.org/sitemap.xml,Unclassified,B,11,,XML_MEMBER_URL_PATTERN_NOT_CONTENT_VERIFIED
https://www.pianochord.org/bmaj7-flat.html,,https://www.pianochord.org/sitemap.xml,Detail candidate,Bb,10,Major 7,XML_MEMBER_URL_PATTERN_NOT_CONTENT_VERIFIED
https://www.pianochord.org/bmaj7.html,,https://www.pianochord.org/sitemap.xml,Detail candidate,B,11,Major 7,XML_MEMBER_URL_PATTERN_NOT_CONTENT_VERIFIED
https://www.pianochord.org/bmaj9-flat.html,,https://www.pianochord.org/sitemap.xml,Detail candidate,Bb,10,Major 9,XML_MEMBER_URL_PATTERN_NOT_CONTENT_VERIFIED
https://www.pianochord.org/bmaj9.html,,https://www.pianochord.org/sitemap.xml,Detail candidate,B,11,Major 9,XML_MEMBER_URL_PATTERN_NOT_CONTENT_VERIFIED
https://www.pianochord.org/bm9-flat.html,,https://www.pianochord.org/sitemap.xml,Detail candidate,Bb,10,Minor 9,XML_MEMBER_URL_PATTERN_NOT_CONTENT_VERIFIED
https://www.pianochord.org/bm9.html,,https://www.pianochord.org/sitemap.xml,Detail candidate,B,11,Minor 9,XML_MEMBER_URL_PATTERN_NOT_CONTENT_VERIFIED
https://www.pianochord.org/bm11-flat.html,,https://www.pianochord.org/sitemap.xml,Detail candidate,Bb,10,Minor 11,XML_MEMBER_URL_PATTERN_NOT_CONTENT_VERIFIED
https://www.pianochord.org/bm11.html,,https://www.pianochord.org/sitemap.xml,Detail candidate,B,11,Minor 11,XML_MEMBER_URL_PATTERN_NOT_CONTENT_VERIFIED
https://www.pianochord.org/bmaj11.html,,https://www.pianochord.org/sitemap.xml,Detail candidate,B,11,Major 11,XML_MEMBER_URL_PATTERN_NOT_CONTENT_VERIFIED
https://www.pianochord.org/bmaj11-flat.html,,https://www.pianochord.org/sitemap.xml,Detail candidate,Bb,10,Major 11,XML_MEMBER_URL_PATTERN_NOT_CONTENT_VERIFIED
https://www.pianochord.org/bm13-flat.html,,https://www.pianochord.org/sitemap.xml,Detail candidate,Bb,10,Minor 13,XML_MEMBER_URL_PATTERN_NOT_CONTENT_VERIFIED
https://www.pianochord.org/bm13.html,,https://www.pianochord.org/sitemap.xml,Detail candidate,B,11,Minor 13,XML_MEMBER_URL_PATTERN_NOT_CONTENT_VERIFIED
https://www.pianochord.org/bmaj13-flat.html,,https://www.pianochord.org/sitemap.xml,Detail candidate,Bb,10,Major 13,XML_MEMBER_URL_PATTERN_NOT_CONTENT_VERIFIED
https://www.pianochord.org/bmaj13.html,,https://www.pianochord.org/sitemap.xml,Detail candidate,B,11,Major 13,XML_MEMBER_URL_PATTERN_NOT_CONTENT_VERIFIED
https://www.pianochord.org/bm-add.html,,https://www.pianochord.org/sitemap.xml,Detail candidate,B,11,Minor Add9,XML_MEMBER_URL_PATTERN_NOT_CONTENT_VERIFIED
https://www.pianochord.org/c.html,,https://www.pianochord.org/sitemap.xml,Root hub,C,0,,XML_MEMBER_URL_PATTERN_NOT_CONTENT_VERIFIED
https://www.pianochord.org/c-filter.html,,https://www.pianochord.org/sitemap.xml,Root collection,C,0,,XML_MEMBER_URL_PATTERN_NOT_CONTENT_VERIFIED
https://www.pianochord.org/c-major.html,,https://www.pianochord.org/sitemap.xml,Detail candidate,C,0,Major,XML_MEMBER_URL_PATTERN_NOT_CONTENT_VERIFIED
https://www.pianochord.org/c-alternative-bass.html,,https://www.pianochord.org/sitemap.xml,Unclassified,C,0,,XML_MEMBER_URL_PATTERN_NOT_CONTENT_VERIFIED
https://www.pianochord.org/cm.html,,https://www.pianochord.org/sitemap.xml,Detail candidate,C,0,Minor,XML_MEMBER_URL_PATTERN_NOT_CONTENT_VERIFIED
https://www.pianochord.org/cm-alternative-bass.html,,https://www.pianochord.org/sitemap.xml,Unclassified,C,0,,XML_MEMBER_URL_PATTERN_NOT_CONTENT_VERIFIED
https://www.pianochord.org/c6-sharp.html,,https://www.pianochord.org/sitemap.xml,Detail candidate,C#,1,Major 6,XML_MEMBER_URL_PATTERN_NOT_CONTENT_VERIFIED
https://www.pianochord.org/c6.html,,https://www.pianochord.org/sitemap.xml,Detail candidate,C,0,Major 6,XML_MEMBER_URL_PATTERN_NOT_CONTENT_VERIFIED
https://www.pianochord.org/c-sharp-6-9.html,,https://www.pianochord.org/sitemap.xml,Detail candidate,C#,1,6/9,XML_MEMBER_URL_PATTERN_NOT_CONTENT_VERIFIED
https://www.pianochord.org/c6-9.html,,https://www.pianochord.org/sitemap.xml,Detail candidate,C,0,6/9,XML_MEMBER_URL_PATTERN_NOT_CONTENT_VERIFIED
https://www.pianochord.org/c7.html,,https://www.pianochord.org/sitemap.xml,Detail candidate,C,0,Dominant 7,XML_MEMBER_URL_PATTERN_NOT_CONTENT_VERIFIED
https://www.pianochord.org/c7-alternative-bass.html,,https://www.pianochord.org/sitemap.xml,Unclassified,C,0,,XML_MEMBER_URL_PATTERN_NOT_CONTENT_VERIFIED
https://www.pianochord.org/c-extended.html,,https://www.pianochord.org/sitemap.xml,Detail candidate,C,0,Dominant 9,XML_MEMBER_URL_PATTERN_NOT_CONTENT_VERIFIED
https://www.pianochord.org/c9-sus.html,,https://www.pianochord.org/sitemap.xml,Unclassified,C,0,,XML_MEMBER_URL_PATTERN_NOT_CONTENT_VERIFIED
https://www.pianochord.org/c11.html,,https://www.pianochord.org/sitemap.xml,Detail candidate,C,0,Dominant 11,XML_MEMBER_URL_PATTERN_NOT_CONTENT_VERIFIED
https://www.pianochord.org/c13.html,,https://www.pianochord.org/sitemap.xml,Detail candidate,C,0,Dominant 13,XML_MEMBER_URL_PATTERN_NOT_CONTENT_VERIFIED
https://www.pianochord.org/c5.html,,https://www.pianochord.org/sitemap.xml,Detail candidate,C,0,Power chord,XML_MEMBER_URL_PATTERN_NOT_CONTENT_VERIFIED
https://www.pianochord.org/c-altered.html,,https://www.pianochord.org/sitemap.xml,Unclassified,C,0,,XML_MEMBER_URL_PATTERN_NOT_CONTENT_VERIFIED
https://www.pianochord.org/c7-5.html,,https://www.pianochord.org/sitemap.xml,Detail candidate,C,0,Altered candidate,XML_MEMBER_URL_PATTERN_NOT_CONTENT_VERIFIED
https://www.pianochord.org/c7minus9.html,,https://www.pianochord.org/sitemap.xml,Unclassified,C,0,,XML_MEMBER_URL_PATTERN_NOT_CONTENT_VERIFIED
https://www.pianochord.org/c7plus9.html,,https://www.pianochord.org/sitemap.xml,Unclassified,C,0,,XML_MEMBER_URL_PATTERN_NOT_CONTENT_VERIFIED
https://www.pianochord.org/c7plus11.html,,https://www.pianochord.org/sitemap.xml,Unclassified,C,0,,XML_MEMBER_URL_PATTERN_NOT_CONTENT_VERIFIED
https://www.pianochord.org/c13plus11.html,,https://www.pianochord.org/sitemap.xml,Unclassified,C,0,,XML_MEMBER_URL_PATTERN_NOT_CONTENT_VERIFIED
https://www.pianochord.org/c13minus9.html,,https://www.pianochord.org/sitemap.xml,Unclassified,C,0,,XML_MEMBER_URL_PATTERN_NOT_CONTENT_VERIFIED
https://www.pianochord.org/c-sharp-altered.html,,https://www.pianochord.org/sitemap.xml,Unclassified,C#,1,,XML_MEMBER_URL_PATTERN_NOT_CONTENT_VERIFIED
https://www.pianochord.org/c-sharp-7-5.html,,https://www.pianochord.org/sitemap.xml,Detail candidate,C#,1,Altered candidate,XML_MEMBER_URL_PATTERN_NOT_CONTENT_VERIFIED
https://www.pianochord.org/c-sharp-7minus9.html,,https://www.pianochord.org/sitemap.xml,Unclassified,C#,1,,XML_MEMBER_URL_PATTERN_NOT_CONTENT_VERIFIED
https://www.pianochord.org/c-sharp-7plus9.html,,https://www.pianochord.org/sitemap.xml,Unclassified,C#,1,,XML_MEMBER_URL_PATTERN_NOT_CONTENT_VERIFIED
https://www.pianochord.org/c-sharp-7plus11.html,,https://www.pianochord.org/sitemap.xml,Unclassified,C#,1,,XML_MEMBER_URL_PATTERN_NOT_CONTENT_VERIFIED
https://www.pianochord.org/c-sharp-13plus11.html,,https://www.pianochord.org/sitemap.xml,Unclassified,C#,1,,XML_MEMBER_URL_PATTERN_NOT_CONTENT_VERIFIED
https://www.pianochord.org/c-sharp-13minus9.html,,https://www.pianochord.org/sitemap.xml,Unclassified,C#,1,,XML_MEMBER_URL_PATTERN_NOT_CONTENT_VERIFIED
https://www.pianochord.org/c-sus.html,,https://www.pianochord.org/sitemap.xml,Detail candidate,C,0,Sus2;Sus4,XML_MEMBER_URL_PATTERN_NOT_CONTENT_VERIFIED
https://www.pianochord.org/c7-sus.html,,https://www.pianochord.org/sitemap.xml,Unclassified,C,0,,XML_MEMBER_URL_PATTERN_NOT_CONTENT_VERIFIED
https://www.pianochord.org/c-dim.html,,https://www.pianochord.org/sitemap.xml,Detail candidate,C,0,Diminished,XML_MEMBER_URL_PATTERN_NOT_CONTENT_VERIFIED
https://www.pianochord.org/c-dim7.html,,https://www.pianochord.org/sitemap.xml,Detail candidate,C,0,Diminished 7,XML_MEMBER_URL_PATTERN_NOT_CONTENT_VERIFIED
https://www.pianochord.org/c-aug.html,,https://www.pianochord.org/sitemap.xml,Detail candidate,C,0,Augmented,XML_MEMBER_URL_PATTERN_NOT_CONTENT_VERIFIED
https://www.pianochord.org/c-aug7.html,,https://www.pianochord.org/sitemap.xml,Detail candidate,C,0,Augmented 7,XML_MEMBER_URL_PATTERN_NOT_CONTENT_VERIFIED
https://www.pianochord.org/c-add.html,,https://www.pianochord.org/sitemap.xml,Detail candidate,C,0,Add9,XML_MEMBER_URL_PATTERN_NOT_CONTENT_VERIFIED
https://www.pianochord.org/c-add11.html,,https://www.pianochord.org/sitemap.xml,Unclassified,C,0,,XML_MEMBER_URL_PATTERN_NOT_CONTENT_VERIFIED
https://www.pianochord.org/c-sharp.html,,https://www.pianochord.org/sitemap.xml,Root hub,C#,1,,XML_MEMBER_URL_PATTERN_NOT_CONTENT_VERIFIED
https://www.pianochord.org/c-sharp-filter.html,,https://www.pianochord.org/sitemap.xml,Root collection,C#,1,,XML_MEMBER_URL_PATTERN_NOT_CONTENT_VERIFIED
https://www.pianochord.org/c-sharp-major.html,,https://www.pianochord.org/sitemap.xml,Detail candidate,C#,1,Major,XML_MEMBER_URL_PATTERN_NOT_CONTENT_VERIFIED
https://www.pianochord.org/cm-sharp.html,,https://www.pianochord.org/sitemap.xml,Detail candidate,C#,1,Minor,XML_MEMBER_URL_PATTERN_NOT_CONTENT_VERIFIED
https://www.pianochord.org/cm-sharp-alternative-bass.html,,https://www.pianochord.org/sitemap.xml,Unclassified,C#,1,,XML_MEMBER_URL_PATTERN_NOT_CONTENT_VERIFIED
https://www.pianochord.org/c7-sharp.html,,https://www.pianochord.org/sitemap.xml,Detail candidate,C#,1,Dominant 7,XML_MEMBER_URL_PATTERN_NOT_CONTENT_VERIFIED
https://www.pianochord.org/c-sharp-extended.html,,https://www.pianochord.org/sitemap.xml,Detail candidate,C#,1,Dominant 9,XML_MEMBER_URL_PATTERN_NOT_CONTENT_VERIFIED
https://www.pianochord.org/c9-sharp-sus.html,,https://www.pianochord.org/sitemap.xml,Unclassified,C#,1,,XML_MEMBER_URL_PATTERN_NOT_CONTENT_VERIFIED
https://www.pianochord.org/c-sharp-11.html,,https://www.pianochord.org/sitemap.xml,Detail candidate,C#,1,Dominant 11,XML_MEMBER_URL_PATTERN_NOT_CONTENT_VERIFIED
https://www.pianochord.org/c-sharp-13.html,,https://www.pianochord.org/sitemap.xml,Detail candidate,C#,1,Dominant 13,XML_MEMBER_URL_PATTERN_NOT_CONTENT_VERIFIED
https://www.pianochord.org/c-sharp-5.html,,https://www.pianochord.org/sitemap.xml,Detail candidate,C#,1,Power chord,XML_MEMBER_URL_PATTERN_NOT_CONTENT_VERIFIED
https://www.pianochord.org/c-sharp-sus.html,,https://www.pianochord.org/sitemap.xml,Detail candidate,C#,1,Sus2;Sus4,XML_MEMBER_URL_PATTERN_NOT_CONTENT_VERIFIED
https://www.pianochord.org/c7-sharp-sus.html,,https://www.pianochord.org/sitemap.xml,Unclassified,C#,1,,XML_MEMBER_URL_PATTERN_NOT_CONTENT_VERIFIED
https://www.pianochord.org/c-sharp-dim.html,,https://www.pianochord.org/sitemap.xml,Detail candidate,C#,1,Diminished,XML_MEMBER_URL_PATTERN_NOT_CONTENT_VERIFIED
https://www.pianochord.org/c-sharp-dim7.html,,https://www.pianochord.org/sitemap.xml,Detail candidate,C#,1,Diminished 7,XML_MEMBER_URL_PATTERN_NOT_CONTENT_VERIFIED
https://www.pianochord.org/c-sharp-aug.html,,https://www.pianochord.org/sitemap.xml,Detail candidate,C#,1,Augmented,XML_MEMBER_URL_PATTERN_NOT_CONTENT_VERIFIED
https://www.pianochord.org/c-sharp-aug7.html,,https://www.pianochord.org/sitemap.xml,Detail candidate,C#,1,Augmented 7,XML_MEMBER_URL_PATTERN_NOT_CONTENT_VERIFIED
https://www.pianochord.org/c-sharp-add.html,,https://www.pianochord.org/sitemap.xml,Detail candidate,C#,1,Add9,XML_MEMBER_URL_PATTERN_NOT_CONTENT_VERIFIED
https://www.pianochord.org/c-sharp-add11.html,,https://www.pianochord.org/sitemap.xml,Unclassified,C#,1,,XML_MEMBER_URL_PATTERN_NOT_CONTENT_VERIFIED
https://www.pianochord.org/cm-sharp-add.html,,https://www.pianochord.org/sitemap.xml,Detail candidate,C#,1,Minor Add9,XML_MEMBER_URL_PATTERN_NOT_CONTENT_VERIFIED
https://www.pianochord.org/cm6-sharp.html,,https://www.pianochord.org/sitemap.xml,Detail candidate,C#,1,Minor 6,XML_MEMBER_URL_PATTERN_NOT_CONTENT_VERIFIED
https://www.pianochord.org/cm6.html,,https://www.pianochord.org/sitemap.xml,Detail candidate,C,0,Minor 6,XML_MEMBER_URL_PATTERN_NOT_CONTENT_VERIFIED
https://www.pianochord.org/cm-sharp-6-9.html,,https://www.pianochord.org/sitemap.xml,Unclassified,C#,1,,XML_MEMBER_URL_PATTERN_NOT_CONTENT_VERIFIED
https://www.pianochord.org/cm6-9.html,,https://www.pianochord.org/sitemap.xml,Unclassified,C,0,,XML_MEMBER_URL_PATTERN_NOT_CONTENT_VERIFIED
https://www.pianochord.org/cm7-sharp.html,,https://www.pianochord.org/sitemap.xml,Detail candidate,C#,1,Minor 7,XML_MEMBER_URL_PATTERN_NOT_CONTENT_VERIFIED
https://www.pianochord.org/cminmaj7-sharp.html,,https://www.pianochord.org/sitemap.xml,Unclassified,C#,1,,XML_MEMBER_URL_PATTERN_NOT_CONTENT_VERIFIED
https://www.pianochord.org/cminmaj9-sharp.html,,https://www.pianochord.org/sitemap.xml,Unclassified,C#,1,,XML_MEMBER_URL_PATTERN_NOT_CONTENT_VERIFIED
https://www.pianochord.org/cm7.html,,https://www.pianochord.org/sitemap.xml,Detail candidate,C,0,Minor 7,XML_MEMBER_URL_PATTERN_NOT_CONTENT_VERIFIED
https://www.pianochord.org/cm7-alternative-bass.html,,https://www.pianochord.org/sitemap.xml,Unclassified,C,0,,XML_MEMBER_URL_PATTERN_NOT_CONTENT_VERIFIED
https://www.pianochord.org/cminmaj7.html,,https://www.pianochord.org/sitemap.xml,Unclassified,C,0,,XML_MEMBER_URL_PATTERN_NOT_CONTENT_VERIFIED
https://www.pianochord.org/cminmaj9.html,,https://www.pianochord.org/sitemap.xml,Unclassified,C,0,,XML_MEMBER_URL_PATTERN_NOT_CONTENT_VERIFIED
https://www.pianochord.org/cm7-sharp-m7b5.html,,https://www.pianochord.org/sitemap.xml,Unclassified,C#,1,,XML_MEMBER_URL_PATTERN_NOT_CONTENT_VERIFIED
https://www.pianochord.org/cm7-m7b5.html,,https://www.pianochord.org/sitemap.xml,Unclassified,C,0,,XML_MEMBER_URL_PATTERN_NOT_CONTENT_VERIFIED
https://www.pianochord.org/cmaj7-sharp.html,,https://www.pianochord.org/sitemap.xml,Detail candidate,C#,1,Major 7,XML_MEMBER_URL_PATTERN_NOT_CONTENT_VERIFIED
https://www.pianochord.org/cmaj7.html,,https://www.pianochord.org/sitemap.xml,Detail candidate,C,0,Major 7,XML_MEMBER_URL_PATTERN_NOT_CONTENT_VERIFIED
https://www.pianochord.org/cmaj9-sharp.html,,https://www.pianochord.org/sitemap.xml,Detail candidate,C#,1,Major 9,XML_MEMBER_URL_PATTERN_NOT_CONTENT_VERIFIED
https://www.pianochord.org/cmaj9.html,,https://www.pianochord.org/sitemap.xml,Detail candidate,C,0,Major 9,XML_MEMBER_URL_PATTERN_NOT_CONTENT_VERIFIED
https://www.pianochord.org/cm9-sharp.html,,https://www.pianochord.org/sitemap.xml,Detail candidate,C#,1,Minor 9,XML_MEMBER_URL_PATTERN_NOT_CONTENT_VERIFIED
https://www.pianochord.org/cm9.html,,https://www.pianochord.org/sitemap.xml,Detail candidate,C,0,Minor 9,XML_MEMBER_URL_PATTERN_NOT_CONTENT_VERIFIED
https://www.pianochord.org/cm11-sharp.html,,https://www.pianochord.org/sitemap.xml,Detail candidate,C#,1,Minor 11,XML_MEMBER_URL_PATTERN_NOT_CONTENT_VERIFIED
https://www.pianochord.org/cm11.html,,https://www.pianochord.org/sitemap.xml,Detail candidate,C,0,Minor 11,XML_MEMBER_URL_PATTERN_NOT_CONTENT_VERIFIED
https://www.pianochord.org/cmaj11.html,,https://www.pianochord.org/sitemap.xml,Detail candidate,C,0,Major 11,XML_MEMBER_URL_PATTERN_NOT_CONTENT_VERIFIED
https://www.pianochord.org/cmaj11-sharp.html,,https://www.pianochord.org/sitemap.xml,Detail candidate,C#,1,Major 11,XML_MEMBER_URL_PATTERN_NOT_CONTENT_VERIFIED
https://www.pianochord.org/cm13-sharp.html,,https://www.pianochord.org/sitemap.xml,Detail candidate,C#,1,Minor 13,XML_MEMBER_URL_PATTERN_NOT_CONTENT_VERIFIED
https://www.pianochord.org/cm13.html,,https://www.pianochord.org/sitemap.xml,Detail candidate,C,0,Minor 13,XML_MEMBER_URL_PATTERN_NOT_CONTENT_VERIFIED
https://www.pianochord.org/cmaj13-sharp.html,,https://www.pianochord.org/sitemap.xml,Detail candidate,C#,1,Major 13,XML_MEMBER_URL_PATTERN_NOT_CONTENT_VERIFIED
https://www.pianochord.org/cmaj13.html,,https://www.pianochord.org/sitemap.xml,Detail candidate,C,0,Major 13,XML_MEMBER_URL_PATTERN_NOT_CONTENT_VERIFIED
https://www.pianochord.org/cm-add.html,,https://www.pianochord.org/sitemap.xml,Detail candidate,C,0,Minor Add9,XML_MEMBER_URL_PATTERN_NOT_CONTENT_VERIFIED
https://www.pianochord.org/d.html,,https://www.pianochord.org/sitemap.xml,Root hub,D,2,,XML_MEMBER_URL_PATTERN_NOT_CONTENT_VERIFIED
https://www.pianochord.org/d-filter.html,,https://www.pianochord.org/sitemap.xml,Root collection,D,2,,XML_MEMBER_URL_PATTERN_NOT_CONTENT_VERIFIED
https://www.pianochord.org/d-major.html,,https://www.pianochord.org/sitemap.xml,Detail candidate,D,2,Major,XML_MEMBER_URL_PATTERN_NOT_CONTENT_VERIFIED
https://www.pianochord.org/d-alternative-bass.html,,https://www.pianochord.org/sitemap.xml,Unclassified,D,2,,XML_MEMBER_URL_PATTERN_NOT_CONTENT_VERIFIED
https://www.pianochord.org/dm.html,,https://www.pianochord.org/sitemap.xml,Detail candidate,D,2,Minor,XML_MEMBER_URL_PATTERN_NOT_CONTENT_VERIFIED
https://www.pianochord.org/dm-alternative-bass.html,,https://www.pianochord.org/sitemap.xml,Unclassified,D,2,,XML_MEMBER_URL_PATTERN_NOT_CONTENT_VERIFIED
https://www.pianochord.org/d6-flat.html,,https://www.pianochord.org/sitemap.xml,Detail candidate,Db,1,Major 6,XML_MEMBER_URL_PATTERN_NOT_CONTENT_VERIFIED
https://www.pianochord.org/d6-sharp.html,,https://www.pianochord.org/sitemap.xml,Detail candidate,D#,3,Major 6,XML_MEMBER_URL_PATTERN_NOT_CONTENT_VERIFIED
https://www.pianochord.org/d6.html,,https://www.pianochord.org/sitemap.xml,Detail candidate,D,2,Major 6,XML_MEMBER_URL_PATTERN_NOT_CONTENT_VERIFIED
https://www.pianochord.org/d-flat-6-9.html,,https://www.pianochord.org/sitemap.xml,Detail candidate,Db,1,6/9,XML_MEMBER_URL_PATTERN_NOT_CONTENT_VERIFIED
https://www.pianochord.org/d-sharp-6-9.html,,https://www.pianochord.org/sitemap.xml,Detail candidate,D#,3,6/9,XML_MEMBER_URL_PATTERN_NOT_CONTENT_VERIFIED
https://www.pianochord.org/d6-9.html,,https://www.pianochord.org/sitemap.xml,Detail candidate,D,2,6/9,XML_MEMBER_URL_PATTERN_NOT_CONTENT_VERIFIED
https://www.pianochord.org/d7.html,,https://www.pianochord.org/sitemap.xml,Detail candidate,D,2,Dominant 7,XML_MEMBER_URL_PATTERN_NOT_CONTENT_VERIFIED
https://www.pianochord.org/d7-alternative-bass.html,,https://www.pianochord.org/sitemap.xml,Unclassified,D,2,,XML_MEMBER_URL_PATTERN_NOT_CONTENT_VERIFIED
https://www.pianochord.org/d-extended.html,,https://www.pianochord.org/sitemap.xml,Detail candidate,D,2,Dominant 9,XML_MEMBER_URL_PATTERN_NOT_CONTENT_VERIFIED
https://www.pianochord.org/d9-sus.html,,https://www.pianochord.org/sitemap.xml,Unclassified,D,2,,XML_MEMBER_URL_PATTERN_NOT_CONTENT_VERIFIED
https://www.pianochord.org/d11.html,,https://www.pianochord.org/sitemap.xml,Detail candidate,D,2,Dominant 11,XML_MEMBER_URL_PATTERN_NOT_CONTENT_VERIFIED
https://www.pianochord.org/d13.html,,https://www.pianochord.org/sitemap.xml,Detail candidate,D,2,Dominant 13,XML_MEMBER_URL_PATTERN_NOT_CONTENT_VERIFIED
https://www.pianochord.org/d5.html,,https://www.pianochord.org/sitemap.xml,Detail candidate,D,2,Power chord,XML_MEMBER_URL_PATTERN_NOT_CONTENT_VERIFIED
https://www.pianochord.org/d-altered.html,,https://www.pianochord.org/sitemap.xml,Unclassified,D,2,,XML_MEMBER_URL_PATTERN_NOT_CONTENT_VERIFIED
https://www.pianochord.org/d7-5.html,,https://www.pianochord.org/sitemap.xml,Detail candidate,D,2,Altered candidate,XML_MEMBER_URL_PATTERN_NOT_CONTENT_VERIFIED
https://www.pianochord.org/d7minus9.html,,https://www.pianochord.org/sitemap.xml,Unclassified,D,2,,XML_MEMBER_URL_PATTERN_NOT_CONTENT_VERIFIED
https://www.pianochord.org/d7plus9.html,,https://www.pianochord.org/sitemap.xml,Unclassified,D,2,,XML_MEMBER_URL_PATTERN_NOT_CONTENT_VERIFIED
https://www.pianochord.org/d13plus11.html,,https://www.pianochord.org/sitemap.xml,Unclassified,D,2,,XML_MEMBER_URL_PATTERN_NOT_CONTENT_VERIFIED
https://www.pianochord.org/d13minus9.html,,https://www.pianochord.org/sitemap.xml,Unclassified,D,2,,XML_MEMBER_URL_PATTERN_NOT_CONTENT_VERIFIED
https://www.pianochord.org/d7plus11.html,,https://www.pianochord.org/sitemap.xml,Unclassified,D,2,,XML_MEMBER_URL_PATTERN_NOT_CONTENT_VERIFIED
https://www.pianochord.org/d-flat-altered.html,,https://www.pianochord.org/sitemap.xml,Unclassified,Db,1,,XML_MEMBER_URL_PATTERN_NOT_CONTENT_VERIFIED
https://www.pianochord.org/d-flat-7-5.html,,https://www.pianochord.org/sitemap.xml,Detail candidate,Db,1,Altered candidate,XML_MEMBER_URL_PATTERN_NOT_CONTENT_VERIFIED
https://www.pianochord.org/d-flat-7minus9.html,,https://www.pianochord.org/sitemap.xml,Unclassified,Db,1,,XML_MEMBER_URL_PATTERN_NOT_CONTENT_VERIFIED
https://www.pianochord.org/d-flat-7plus9.html,,https://www.pianochord.org/sitemap.xml,Unclassified,Db,1,,XML_MEMBER_URL_PATTERN_NOT_CONTENT_VERIFIED
https://www.pianochord.org/d-flat-7plus11.html,,https://www.pianochord.org/sitemap.xml,Unclassified,Db,1,,XML_MEMBER_URL_PATTERN_NOT_CONTENT_VERIFIED
https://www.pianochord.org/d-flat-13plus11.html,,https://www.pianochord.org/sitemap.xml,Unclassified,Db,1,,XML_MEMBER_URL_PATTERN_NOT_CONTENT_VERIFIED
https://www.pianochord.org/d-flat-13minus9.html,,https://www.pianochord.org/sitemap.xml,Unclassified,Db,1,,XML_MEMBER_URL_PATTERN_NOT_CONTENT_VERIFIED
https://www.pianochord.org/d-sharp-altered.html,,https://www.pianochord.org/sitemap.xml,Unclassified,D#,3,,XML_MEMBER_URL_PATTERN_NOT_CONTENT_VERIFIED
https://www.pianochord.org/d-sharp-7-5.html,,https://www.pianochord.org/sitemap.xml,Detail candidate,D#,3,Altered candidate,XML_MEMBER_URL_PATTERN_NOT_CONTENT_VERIFIED
https://www.pianochord.org/d-sharp-7minus9.html,,https://www.pianochord.org/sitemap.xml,Unclassified,D#,3,,XML_MEMBER_URL_PATTERN_NOT_CONTENT_VERIFIED
https://www.pianochord.org/d-sharp-7plus9.html,,https://www.pianochord.org/sitemap.xml,Unclassified,D#,3,,XML_MEMBER_URL_PATTERN_NOT_CONTENT_VERIFIED
https://www.pianochord.org/d-sharp-7plus11.html,,https://www.pianochord.org/sitemap.xml,Unclassified,D#,3,,XML_MEMBER_URL_PATTERN_NOT_CONTENT_VERIFIED
https://www.pianochord.org/d-sharp-13plus11.html,,https://www.pianochord.org/sitemap.xml,Unclassified,D#,3,,XML_MEMBER_URL_PATTERN_NOT_CONTENT_VERIFIED
https://www.pianochord.org/d-sharp-13minus9.html,,https://www.pianochord.org/sitemap.xml,Unclassified,D#,3,,XML_MEMBER_URL_PATTERN_NOT_CONTENT_VERIFIED
https://www.pianochord.org/d-sus.html,,https://www.pianochord.org/sitemap.xml,Detail candidate,D,2,Sus2;Sus4,XML_MEMBER_URL_PATTERN_NOT_CONTENT_VERIFIED
https://www.pianochord.org/d7-sus.html,,https://www.pianochord.org/sitemap.xml,Unclassified,D,2,,XML_MEMBER_URL_PATTERN_NOT_CONTENT_VERIFIED
https://www.pianochord.org/d-dim.html,,https://www.pianochord.org/sitemap.xml,Detail candidate,D,2,Diminished,XML_MEMBER_URL_PATTERN_NOT_CONTENT_VERIFIED
https://www.pianochord.org/d-dim7.html,,https://www.pianochord.org/sitemap.xml,Detail candidate,D,2,Diminished 7,XML_MEMBER_URL_PATTERN_NOT_CONTENT_VERIFIED
https://www.pianochord.org/d-aug.html,,https://www.pianochord.org/sitemap.xml,Detail candidate,D,2,Augmented,XML_MEMBER_URL_PATTERN_NOT_CONTENT_VERIFIED
https://www.pianochord.org/d-aug7.html,,https://www.pianochord.org/sitemap.xml,Detail candidate,D,2,Augmented 7,XML_MEMBER_URL_PATTERN_NOT_CONTENT_VERIFIED
https://www.pianochord.org/d-add.html,,https://www.pianochord.org/sitemap.xml,Detail candidate,D,2,Add9,XML_MEMBER_URL_PATTERN_NOT_CONTENT_VERIFIED
https://www.pianochord.org/d-add11.html,,https://www.pianochord.org/sitemap.xml,Unclassified,D,2,,XML_MEMBER_URL_PATTERN_NOT_CONTENT_VERIFIED
https://www.pianochord.org/d-flat.html,,https://www.pianochord.org/sitemap.xml,Root hub,Db,1,,XML_MEMBER_URL_PATTERN_NOT_CONTENT_VERIFIED
https://www.pianochord.org/d-flat-filter.html,,https://www.pianochord.org/sitemap.xml,Root collection,Db,1,,XML_MEMBER_URL_PATTERN_NOT_CONTENT_VERIFIED
https://www.pianochord.org/d-flat-major.html,,https://www.pianochord.org/sitemap.xml,Detail candidate,Db,1,Major,XML_MEMBER_URL_PATTERN_NOT_CONTENT_VERIFIED
https://www.pianochord.org/dm-flat.html,,https://www.pianochord.org/sitemap.xml,Detail candidate,Db,1,Minor,XML_MEMBER_URL_PATTERN_NOT_CONTENT_VERIFIED
https://www.pianochord.org/dm-flat-alternative-bass.html,,https://www.pianochord.org/sitemap.xml,Unclassified,Db,1,,XML_MEMBER_URL_PATTERN_NOT_CONTENT_VERIFIED
https://www.pianochord.org/d7-flat.html,,https://www.pianochord.org/sitemap.xml,Detail candidate,Db,1,Dominant 7,XML_MEMBER_URL_PATTERN_NOT_CONTENT_VERIFIED
https://www.pianochord.org/d-flat-extended.html,,https://www.pianochord.org/sitemap.xml,Detail candidate,Db,1,Dominant 9,XML_MEMBER_URL_PATTERN_NOT_CONTENT_VERIFIED
https://www.pianochord.org/d9-flat-sus.html,,https://www.pianochord.org/sitemap.xml,Unclassified,Db,1,,XML_MEMBER_URL_PATTERN_NOT_CONTENT_VERIFIED
https://www.pianochord.org/d-flat-11.html,,https://www.pianochord.org/sitemap.xml,Detail candidate,Db,1,Dominant 11,XML_MEMBER_URL_PATTERN_NOT_CONTENT_VERIFIED
https://www.pianochord.org/d-flat-13.html,,https://www.pianochord.org/sitemap.xml,Detail candidate,Db,1,Dominant 13,XML_MEMBER_URL_PATTERN_NOT_CONTENT_VERIFIED
https://www.pianochord.org/d-flat-5.html,,https://www.pianochord.org/sitemap.xml,Detail candidate,Db,1,Power chord,XML_MEMBER_URL_PATTERN_NOT_CONTENT_VERIFIED
https://www.pianochord.org/d-flat-sus.html,,https://www.pianochord.org/sitemap.xml,Detail candidate,Db,1,Sus2;Sus4,XML_MEMBER_URL_PATTERN_NOT_CONTENT_VERIFIED
https://www.pianochord.org/d7-flat-sus.html,,https://www.pianochord.org/sitemap.xml,Unclassified,Db,1,,XML_MEMBER_URL_PATTERN_NOT_CONTENT_VERIFIED
https://www.pianochord.org/d-flat-dim.html,,https://www.pianochord.org/sitemap.xml,Detail candidate,Db,1,Diminished,XML_MEMBER_URL_PATTERN_NOT_CONTENT_VERIFIED
https://www.pianochord.org/d-flat-dim7.html,,https://www.pianochord.org/sitemap.xml,Detail candidate,Db,1,Diminished 7,XML_MEMBER_URL_PATTERN_NOT_CONTENT_VERIFIED
https://www.pianochord.org/d-flat-aug.html,,https://www.pianochord.org/sitemap.xml,Detail candidate,Db,1,Augmented,XML_MEMBER_URL_PATTERN_NOT_CONTENT_VERIFIED
https://www.pianochord.org/d-flat-aug7.html,,https://www.pianochord.org/sitemap.xml,Detail candidate,Db,1,Augmented 7,XML_MEMBER_URL_PATTERN_NOT_CONTENT_VERIFIED
https://www.pianochord.org/d-flat-add.html,,https://www.pianochord.org/sitemap.xml,Detail candidate,Db,1,Add9,XML_MEMBER_URL_PATTERN_NOT_CONTENT_VERIFIED
https://www.pianochord.org/d-flat-add11.html,,https://www.pianochord.org/sitemap.xml,Unclassified,Db,1,,XML_MEMBER_URL_PATTERN_NOT_CONTENT_VERIFIED
https://www.pianochord.org/dm-flat-add.html,,https://www.pianochord.org/sitemap.xml,Detail candidate,Db,1,Minor Add9,XML_MEMBER_URL_PATTERN_NOT_CONTENT_VERIFIED
https://www.pianochord.org/dm-sharp-add.html,,https://www.pianochord.org/sitemap.xml,Detail candidate,D#,3,Minor Add9,XML_MEMBER_URL_PATTERN_NOT_CONTENT_VERIFIED
https://www.pianochord.org/d-sharp.html,,https://www.pianochord.org/sitemap.xml,Root hub,D#,3,,XML_MEMBER_URL_PATTERN_NOT_CONTENT_VERIFIED
https://www.pianochord.org/d-sharp-filter.html,,https://www.pianochord.org/sitemap.xml,Root collection,D#,3,,XML_MEMBER_URL_PATTERN_NOT_CONTENT_VERIFIED
https://www.pianochord.org/d-sharp-major.html,,https://www.pianochord.org/sitemap.xml,Detail candidate,D#,3,Major,XML_MEMBER_URL_PATTERN_NOT_CONTENT_VERIFIED
https://www.pianochord.org/dm-sharp.html,,https://www.pianochord.org/sitemap.xml,Detail candidate,D#,3,Minor,XML_MEMBER_URL_PATTERN_NOT_CONTENT_VERIFIED
https://www.pianochord.org/dm-sharp-alternative-bass.html,,https://www.pianochord.org/sitemap.xml,Unclassified,D#,3,,XML_MEMBER_URL_PATTERN_NOT_CONTENT_VERIFIED
https://www.pianochord.org/d7-sharp.html,,https://www.pianochord.org/sitemap.xml,Detail candidate,D#,3,Dominant 7,XML_MEMBER_URL_PATTERN_NOT_CONTENT_VERIFIED
https://www.pianochord.org/d-sharp-extended.html,,https://www.pianochord.org/sitemap.xml,Detail candidate,D#,3,Dominant 9,XML_MEMBER_URL_PATTERN_NOT_CONTENT_VERIFIED
https://www.pianochord.org/d9-sharp-sus.html,,https://www.pianochord.org/sitemap.xml,Unclassified,D#,3,,XML_MEMBER_URL_PATTERN_NOT_CONTENT_VERIFIED
https://www.pianochord.org/d-sharp-11.html,,https://www.pianochord.org/sitemap.xml,Detail candidate,D#,3,Dominant 11,XML_MEMBER_URL_PATTERN_NOT_CONTENT_VERIFIED
https://www.pianochord.org/d-sharp-13.html,,https://www.pianochord.org/sitemap.xml,Detail candidate,D#,3,Dominant 13,XML_MEMBER_URL_PATTERN_NOT_CONTENT_VERIFIED
https://www.pianochord.org/d-sharp-5.html,,https://www.pianochord.org/sitemap.xml,Detail candidate,D#,3,Power chord,XML_MEMBER_URL_PATTERN_NOT_CONTENT_VERIFIED
https://www.pianochord.org/d-sharp-sus.html,,https://www.pianochord.org/sitemap.xml,Detail candidate,D#,3,Sus2;Sus4,XML_MEMBER_URL_PATTERN_NOT_CONTENT_VERIFIED
https://www.pianochord.org/d7-sharp-sus.html,,https://www.pianochord.org/sitemap.xml,Unclassified,D#,3,,XML_MEMBER_URL_PATTERN_NOT_CONTENT_VERIFIED
https://www.pianochord.org/d-sharp-dim.html,,https://www.pianochord.org/sitemap.xml,Detail candidate,D#,3,Diminished,XML_MEMBER_URL_PATTERN_NOT_CONTENT_VERIFIED
https://www.pianochord.org/d-sharp-dim7.html,,https://www.pianochord.org/sitemap.xml,Detail candidate,D#,3,Diminished 7,XML_MEMBER_URL_PATTERN_NOT_CONTENT_VERIFIED
https://www.pianochord.org/d-sharp-aug.html,,https://www.pianochord.org/sitemap.xml,Detail candidate,D#,3,Augmented,XML_MEMBER_URL_PATTERN_NOT_CONTENT_VERIFIED
https://www.pianochord.org/d-sharp-aug7.html,,https://www.pianochord.org/sitemap.xml,Detail candidate,D#,3,Augmented 7,XML_MEMBER_URL_PATTERN_NOT_CONTENT_VERIFIED
https://www.pianochord.org/d-sharp-add.html,,https://www.pianochord.org/sitemap.xml,Detail candidate,D#,3,Add9,XML_MEMBER_URL_PATTERN_NOT_CONTENT_VERIFIED
https://www.pianochord.org/d-sharp-add11.html,,https://www.pianochord.org/sitemap.xml,Unclassified,D#,3,,XML_MEMBER_URL_PATTERN_NOT_CONTENT_VERIFIED
https://www.pianochord.org/dm6-flat.html,,https://www.pianochord.org/sitemap.xml,Detail candidate,Db,1,Minor 6,XML_MEMBER_URL_PATTERN_NOT_CONTENT_VERIFIED
https://www.pianochord.org/dm6-sharp.html,,https://www.pianochord.org/sitemap.xml,Detail candidate,D#,3,Minor 6,XML_MEMBER_URL_PATTERN_NOT_CONTENT_VERIFIED
https://www.pianochord.org/dm6.html,,https://www.pianochord.org/sitemap.xml,Detail candidate,D,2,Minor 6,XML_MEMBER_URL_PATTERN_NOT_CONTENT_VERIFIED
https://www.pianochord.org/dm-flat-6-9.html,,https://www.pianochord.org/sitemap.xml,Unclassified,Db,1,,XML_MEMBER_URL_PATTERN_NOT_CONTENT_VERIFIED
https://www.pianochord.org/dm-sharp-6-9.html,,https://www.pianochord.org/sitemap.xml,Unclassified,D#,3,,XML_MEMBER_URL_PATTERN_NOT_CONTENT_VERIFIED
https://www.pianochord.org/dm6-9.html,,https://www.pianochord.org/sitemap.xml,Unclassified,D,2,,XML_MEMBER_URL_PATTERN_NOT_CONTENT_VERIFIED
https://www.pianochord.org/dm7-flat.html,,https://www.pianochord.org/sitemap.xml,Detail candidate,Db,1,Minor 7,XML_MEMBER_URL_PATTERN_NOT_CONTENT_VERIFIED
https://www.pianochord.org/dminmaj7-flat.html,,https://www.pianochord.org/sitemap.xml,Unclassified,Db,1,,XML_MEMBER_URL_PATTERN_NOT_CONTENT_VERIFIED
https://www.pianochord.org/dminmaj9-flat.html,,https://www.pianochord.org/sitemap.xml,Unclassified,Db,1,,XML_MEMBER_URL_PATTERN_NOT_CONTENT_VERIFIED
https://www.pianochord.org/dm7-sharp.html,,https://www.pianochord.org/sitemap.xml,Detail candidate,D#,3,Minor 7,XML_MEMBER_URL_PATTERN_NOT_CONTENT_VERIFIED
https://www.pianochord.org/dminmaj7-sharp.html,,https://www.pianochord.org/sitemap.xml,Unclassified,D#,3,,XML_MEMBER_URL_PATTERN_NOT_CONTENT_VERIFIED
https://www.pianochord.org/dminmaj9-sharp.html,,https://www.pianochord.org/sitemap.xml,Unclassified,D#,3,,XML_MEMBER_URL_PATTERN_NOT_CONTENT_VERIFIED
https://www.pianochord.org/dm7.html,,https://www.pianochord.org/sitemap.xml,Detail candidate,D,2,Minor 7,XML_MEMBER_URL_PATTERN_NOT_CONTENT_VERIFIED
https://www.pianochord.org/dm7-alternative-bass.html,,https://www.pianochord.org/sitemap.xml,Unclassified,D,2,,XML_MEMBER_URL_PATTERN_NOT_CONTENT_VERIFIED
https://www.pianochord.org/dminmaj7.html,,https://www.pianochord.org/sitemap.xml,Unclassified,D,2,,XML_MEMBER_URL_PATTERN_NOT_CONTENT_VERIFIED
https://www.pianochord.org/dminmaj9.html,,https://www.pianochord.org/sitemap.xml,Unclassified,D,2,,XML_MEMBER_URL_PATTERN_NOT_CONTENT_VERIFIED
https://www.pianochord.org/dm7-flat-m7b5.html,,https://www.pianochord.org/sitemap.xml,Unclassified,Db,1,,XML_MEMBER_URL_PATTERN_NOT_CONTENT_VERIFIED
https://www.pianochord.org/dm7-sharp-m7b5.html,,https://www.pianochord.org/sitemap.xml,Unclassified,D#,3,,XML_MEMBER_URL_PATTERN_NOT_CONTENT_VERIFIED
https://www.pianochord.org/dm7-m7b5.html,,https://www.pianochord.org/sitemap.xml,Unclassified,D,2,,XML_MEMBER_URL_PATTERN_NOT_CONTENT_VERIFIED
https://www.pianochord.org/dmaj7-flat.html,,https://www.pianochord.org/sitemap.xml,Detail candidate,Db,1,Major 7,XML_MEMBER_URL_PATTERN_NOT_CONTENT_VERIFIED
https://www.pianochord.org/dmaj7-sharp.html,,https://www.pianochord.org/sitemap.xml,Detail candidate,D#,3,Major 7,XML_MEMBER_URL_PATTERN_NOT_CONTENT_VERIFIED
https://www.pianochord.org/dmaj7.html,,https://www.pianochord.org/sitemap.xml,Detail candidate,D,2,Major 7,XML_MEMBER_URL_PATTERN_NOT_CONTENT_VERIFIED
https://www.pianochord.org/dmaj9-flat.html,,https://www.pianochord.org/sitemap.xml,Detail candidate,Db,1,Major 9,XML_MEMBER_URL_PATTERN_NOT_CONTENT_VERIFIED
https://www.pianochord.org/dmaj9-sharp.html,,https://www.pianochord.org/sitemap.xml,Detail candidate,D#,3,Major 9,XML_MEMBER_URL_PATTERN_NOT_CONTENT_VERIFIED
https://www.pianochord.org/dmaj9.html,,https://www.pianochord.org/sitemap.xml,Detail candidate,D,2,Major 9,XML_MEMBER_URL_PATTERN_NOT_CONTENT_VERIFIED
https://www.pianochord.org/dm9-flat.html,,https://www.pianochord.org/sitemap.xml,Detail candidate,Db,1,Minor 9,XML_MEMBER_URL_PATTERN_NOT_CONTENT_VERIFIED
https://www.pianochord.org/dm9-sharp.html,,https://www.pianochord.org/sitemap.xml,Detail candidate,D#,3,Minor 9,XML_MEMBER_URL_PATTERN_NOT_CONTENT_VERIFIED
https://www.pianochord.org/dm9.html,,https://www.pianochord.org/sitemap.xml,Detail candidate,D,2,Minor 9,XML_MEMBER_URL_PATTERN_NOT_CONTENT_VERIFIED
https://www.pianochord.org/dm11-flat.html,,https://www.pianochord.org/sitemap.xml,Detail candidate,Db,1,Minor 11,XML_MEMBER_URL_PATTERN_NOT_CONTENT_VERIFIED
https://www.pianochord.org/dm11-sharp.html,,https://www.pianochord.org/sitemap.xml,Detail candidate,D#,3,Minor 11,XML_MEMBER_URL_PATTERN_NOT_CONTENT_VERIFIED
https://www.pianochord.org/dm11.html,,https://www.pianochord.org/sitemap.xml,Detail candidate,D,2,Minor 11,XML_MEMBER_URL_PATTERN_NOT_CONTENT_VERIFIED
https://www.pianochord.org/dmaj11.html,,https://www.pianochord.org/sitemap.xml,Detail candidate,D,2,Major 11,XML_MEMBER_URL_PATTERN_NOT_CONTENT_VERIFIED
https://www.pianochord.org/dmaj11-flat.html,,https://www.pianochord.org/sitemap.xml,Detail candidate,Db,1,Major 11,XML_MEMBER_URL_PATTERN_NOT_CONTENT_VERIFIED
https://www.pianochord.org/dmaj11-sharp.html,,https://www.pianochord.org/sitemap.xml,Detail candidate,D#,3,Major 11,XML_MEMBER_URL_PATTERN_NOT_CONTENT_VERIFIED
https://www.pianochord.org/dm13-flat.html,,https://www.pianochord.org/sitemap.xml,Detail candidate,Db,1,Minor 13,XML_MEMBER_URL_PATTERN_NOT_CONTENT_VERIFIED
https://www.pianochord.org/dm13-sharp.html,,https://www.pianochord.org/sitemap.xml,Detail candidate,D#,3,Minor 13,XML_MEMBER_URL_PATTERN_NOT_CONTENT_VERIFIED
https://www.pianochord.org/dm13.html,,https://www.pianochord.org/sitemap.xml,Detail candidate,D,2,Minor 13,XML_MEMBER_URL_PATTERN_NOT_CONTENT_VERIFIED
https://www.pianochord.org/dmaj13-flat.html,,https://www.pianochord.org/sitemap.xml,Detail candidate,Db,1,Major 13,XML_MEMBER_URL_PATTERN_NOT_CONTENT_VERIFIED
https://www.pianochord.org/dmaj13-sharp.html,,https://www.pianochord.org/sitemap.xml,Detail candidate,D#,3,Major 13,XML_MEMBER_URL_PATTERN_NOT_CONTENT_VERIFIED
https://www.pianochord.org/dmaj13.html,,https://www.pianochord.org/sitemap.xml,Detail candidate,D,2,Major 13,XML_MEMBER_URL_PATTERN_NOT_CONTENT_VERIFIED
https://www.pianochord.org/dm-add.html,,https://www.pianochord.org/sitemap.xml,Detail candidate,D,2,Minor Add9,XML_MEMBER_URL_PATTERN_NOT_CONTENT_VERIFIED
https://www.pianochord.org/e.html,,https://www.pianochord.org/sitemap.xml,Root hub,E,4,,XML_MEMBER_URL_PATTERN_NOT_CONTENT_VERIFIED
https://www.pianochord.org/e-filter.html,,https://www.pianochord.org/sitemap.xml,Root collection,E,4,,XML_MEMBER_URL_PATTERN_NOT_CONTENT_VERIFIED
https://www.pianochord.org/e-major.html,,https://www.pianochord.org/sitemap.xml,Detail candidate,E,4,Major,XML_MEMBER_URL_PATTERN_NOT_CONTENT_VERIFIED
https://www.pianochord.org/e-alternative-bass.html,,https://www.pianochord.org/sitemap.xml,Unclassified,E,4,,XML_MEMBER_URL_PATTERN_NOT_CONTENT_VERIFIED
https://www.pianochord.org/em.html,,https://www.pianochord.org/sitemap.xml,Detail candidate,E,4,Minor,XML_MEMBER_URL_PATTERN_NOT_CONTENT_VERIFIED
https://www.pianochord.org/em-alternative-bass.html,,https://www.pianochord.org/sitemap.xml,Unclassified,E,4,,XML_MEMBER_URL_PATTERN_NOT_CONTENT_VERIFIED
https://www.pianochord.org/e6-flat.html,,https://www.pianochord.org/sitemap.xml,Detail candidate,Eb,3,Major 6,XML_MEMBER_URL_PATTERN_NOT_CONTENT_VERIFIED
https://www.pianochord.org/e6.html,,https://www.pianochord.org/sitemap.xml,Detail candidate,E,4,Major 6,XML_MEMBER_URL_PATTERN_NOT_CONTENT_VERIFIED
https://www.pianochord.org/e-flat-6-9.html,,https://www.pianochord.org/sitemap.xml,Detail candidate,Eb,3,6/9,XML_MEMBER_URL_PATTERN_NOT_CONTENT_VERIFIED
https://www.pianochord.org/e6-9.html,,https://www.pianochord.org/sitemap.xml,Detail candidate,E,4,6/9,XML_MEMBER_URL_PATTERN_NOT_CONTENT_VERIFIED
https://www.pianochord.org/e7.html,,https://www.pianochord.org/sitemap.xml,Detail candidate,E,4,Dominant 7,XML_MEMBER_URL_PATTERN_NOT_CONTENT_VERIFIED
https://www.pianochord.org/e7-alternative-bass.html,,https://www.pianochord.org/sitemap.xml,Unclassified,E,4,,XML_MEMBER_URL_PATTERN_NOT_CONTENT_VERIFIED
https://www.pianochord.org/e-extended.html,,https://www.pianochord.org/sitemap.xml,Detail candidate,E,4,Dominant 9,XML_MEMBER_URL_PATTERN_NOT_CONTENT_VERIFIED
https://www.pianochord.org/e9-sus.html,,https://www.pianochord.org/sitemap.xml,Unclassified,E,4,,XML_MEMBER_URL_PATTERN_NOT_CONTENT_VERIFIED
https://www.pianochord.org/e11.html,,https://www.pianochord.org/sitemap.xml,Detail candidate,E,4,Dominant 11,XML_MEMBER_URL_PATTERN_NOT_CONTENT_VERIFIED
https://www.pianochord.org/e13.html,,https://www.pianochord.org/sitemap.xml,Detail candidate,E,4,Dominant 13,XML_MEMBER_URL_PATTERN_NOT_CONTENT_VERIFIED
https://www.pianochord.org/e5.html,,https://www.pianochord.org/sitemap.xml,Detail candidate,E,4,Power chord,XML_MEMBER_URL_PATTERN_NOT_CONTENT_VERIFIED
https://www.pianochord.org/e-altered.html,,https://www.pianochord.org/sitemap.xml,Unclassified,E,4,,XML_MEMBER_URL_PATTERN_NOT_CONTENT_VERIFIED
https://www.pianochord.org/e7-5.html,,https://www.pianochord.org/sitemap.xml,Detail candidate,E,4,Altered candidate,XML_MEMBER_URL_PATTERN_NOT_CONTENT_VERIFIED
https://www.pianochord.org/e7minus9.html,,https://www.pianochord.org/sitemap.xml,Unclassified,E,4,,XML_MEMBER_URL_PATTERN_NOT_CONTENT_VERIFIED
https://www.pianochord.org/e7plus9.html,,https://www.pianochord.org/sitemap.xml,Unclassified,E,4,,XML_MEMBER_URL_PATTERN_NOT_CONTENT_VERIFIED
https://www.pianochord.org/e7plus11.html,,https://www.pianochord.org/sitemap.xml,Unclassified,E,4,,XML_MEMBER_URL_PATTERN_NOT_CONTENT_VERIFIED
https://www.pianochord.org/e13plus11.html,,https://www.pianochord.org/sitemap.xml,Unclassified,E,4,,XML_MEMBER_URL_PATTERN_NOT_CONTENT_VERIFIED
https://www.pianochord.org/e13minus9.html,,https://www.pianochord.org/sitemap.xml,Unclassified,E,4,,XML_MEMBER_URL_PATTERN_NOT_CONTENT_VERIFIED
https://www.pianochord.org/e-flat-altered.html,,https://www.pianochord.org/sitemap.xml,Unclassified,Eb,3,,XML_MEMBER_URL_PATTERN_NOT_CONTENT_VERIFIED
https://www.pianochord.org/e-flat-7-5.html,,https://www.pianochord.org/sitemap.xml,Detail candidate,Eb,3,Altered candidate,XML_MEMBER_URL_PATTERN_NOT_CONTENT_VERIFIED
https://www.pianochord.org/e-flat-7minus9.html,,https://www.pianochord.org/sitemap.xml,Unclassified,Eb,3,,XML_MEMBER_URL_PATTERN_NOT_CONTENT_VERIFIED
https://www.pianochord.org/e-flat-7plus9.html,,https://www.pianochord.org/sitemap.xml,Unclassified,Eb,3,,XML_MEMBER_URL_PATTERN_NOT_CONTENT_VERIFIED
https://www.pianochord.org/e-flat-7plus11.html,,https://www.pianochord.org/sitemap.xml,Unclassified,Eb,3,,XML_MEMBER_URL_PATTERN_NOT_CONTENT_VERIFIED
https://www.pianochord.org/e-flat-13plus11.html,,https://www.pianochord.org/sitemap.xml,Unclassified,Eb,3,,XML_MEMBER_URL_PATTERN_NOT_CONTENT_VERIFIED
https://www.pianochord.org/e-flat-13minus9.html,,https://www.pianochord.org/sitemap.xml,Unclassified,Eb,3,,XML_MEMBER_URL_PATTERN_NOT_CONTENT_VERIFIED
https://www.pianochord.org/e-sus.html,,https://www.pianochord.org/sitemap.xml,Detail candidate,E,4,Sus2;Sus4,XML_MEMBER_URL_PATTERN_NOT_CONTENT_VERIFIED
https://www.pianochord.org/e7-sus.html,,https://www.pianochord.org/sitemap.xml,Unclassified,E,4,,XML_MEMBER_URL_PATTERN_NOT_CONTENT_VERIFIED
https://www.pianochord.org/e-dim.html,,https://www.pianochord.org/sitemap.xml,Detail candidate,E,4,Diminished,XML_MEMBER_URL_PATTERN_NOT_CONTENT_VERIFIED
https://www.pianochord.org/e-dim7.html,,https://www.pianochord.org/sitemap.xml,Detail candidate,E,4,Diminished 7,XML_MEMBER_URL_PATTERN_NOT_CONTENT_VERIFIED
https://www.pianochord.org/e-aug.html,,https://www.pianochord.org/sitemap.xml,Detail candidate,E,4,Augmented,XML_MEMBER_URL_PATTERN_NOT_CONTENT_VERIFIED
https://www.pianochord.org/e-aug7.html,,https://www.pianochord.org/sitemap.xml,Detail candidate,E,4,Augmented 7,XML_MEMBER_URL_PATTERN_NOT_CONTENT_VERIFIED
https://www.pianochord.org/e-add.html,,https://www.pianochord.org/sitemap.xml,Detail candidate,E,4,Add9,XML_MEMBER_URL_PATTERN_NOT_CONTENT_VERIFIED
https://www.pianochord.org/e-add11.html,,https://www.pianochord.org/sitemap.xml,Unclassified,E,4,,XML_MEMBER_URL_PATTERN_NOT_CONTENT_VERIFIED
https://www.pianochord.org/e-flat.html,,https://www.pianochord.org/sitemap.xml,Root hub,Eb,3,,XML_MEMBER_URL_PATTERN_NOT_CONTENT_VERIFIED
https://www.pianochord.org/e-flat-filter.html,,https://www.pianochord.org/sitemap.xml,Root collection,Eb,3,,XML_MEMBER_URL_PATTERN_NOT_CONTENT_VERIFIED
https://www.pianochord.org/e-flat-major.html,,https://www.pianochord.org/sitemap.xml,Detail candidate,Eb,3,Major,XML_MEMBER_URL_PATTERN_NOT_CONTENT_VERIFIED
https://www.pianochord.org/em-flat.html,,https://www.pianochord.org/sitemap.xml,Detail candidate,Eb,3,Minor,XML_MEMBER_URL_PATTERN_NOT_CONTENT_VERIFIED
https://www.pianochord.org/em-flat-alternative-bass.html,,https://www.pianochord.org/sitemap.xml,Unclassified,Eb,3,,XML_MEMBER_URL_PATTERN_NOT_CONTENT_VERIFIED
https://www.pianochord.org/e7-flat.html,,https://www.pianochord.org/sitemap.xml,Detail candidate,Eb,3,Dominant 7,XML_MEMBER_URL_PATTERN_NOT_CONTENT_VERIFIED
https://www.pianochord.org/e-flat-extended.html,,https://www.pianochord.org/sitemap.xml,Detail candidate,Eb,3,Dominant 9,XML_MEMBER_URL_PATTERN_NOT_CONTENT_VERIFIED
https://www.pianochord.org/e9-flat-sus.html,,https://www.pianochord.org/sitemap.xml,Unclassified,Eb,3,,XML_MEMBER_URL_PATTERN_NOT_CONTENT_VERIFIED
https://www.pianochord.org/e-flat-11.html,,https://www.pianochord.org/sitemap.xml,Detail candidate,Eb,3,Dominant 11,XML_MEMBER_URL_PATTERN_NOT_CONTENT_VERIFIED
https://www.pianochord.org/e-flat-13.html,,https://www.pianochord.org/sitemap.xml,Detail candidate,Eb,3,Dominant 13,XML_MEMBER_URL_PATTERN_NOT_CONTENT_VERIFIED
https://www.pianochord.org/e-flat-5.html,,https://www.pianochord.org/sitemap.xml,Detail candidate,Eb,3,Power chord,XML_MEMBER_URL_PATTERN_NOT_CONTENT_VERIFIED
https://www.pianochord.org/e-flat-sus.html,,https://www.pianochord.org/sitemap.xml,Detail candidate,Eb,3,Sus2;Sus4,XML_MEMBER_URL_PATTERN_NOT_CONTENT_VERIFIED
https://www.pianochord.org/e7-flat-sus.html,,https://www.pianochord.org/sitemap.xml,Unclassified,Eb,3,,XML_MEMBER_URL_PATTERN_NOT_CONTENT_VERIFIED
https://www.pianochord.org/e-flat-dim.html,,https://www.pianochord.org/sitemap.xml,Detail candidate,Eb,3,Diminished,XML_MEMBER_URL_PATTERN_NOT_CONTENT_VERIFIED
https://www.pianochord.org/e-flat-dim7.html,,https://www.pianochord.org/sitemap.xml,Detail candidate,Eb,3,Diminished 7,XML_MEMBER_URL_PATTERN_NOT_CONTENT_VERIFIED
https://www.pianochord.org/e-flat-aug.html,,https://www.pianochord.org/sitemap.xml,Detail candidate,Eb,3,Augmented,XML_MEMBER_URL_PATTERN_NOT_CONTENT_VERIFIED
https://www.pianochord.org/e-flat-aug7.html,,https://www.pianochord.org/sitemap.xml,Detail candidate,Eb,3,Augmented 7,XML_MEMBER_URL_PATTERN_NOT_CONTENT_VERIFIED
https://www.pianochord.org/e-flat-add.html,,https://www.pianochord.org/sitemap.xml,Detail candidate,Eb,3,Add9,XML_MEMBER_URL_PATTERN_NOT_CONTENT_VERIFIED
https://www.pianochord.org/e-flat-add11.html,,https://www.pianochord.org/sitemap.xml,Unclassified,Eb,3,,XML_MEMBER_URL_PATTERN_NOT_CONTENT_VERIFIED
https://www.pianochord.org/em-flat-add.html,,https://www.pianochord.org/sitemap.xml,Detail candidate,Eb,3,Minor Add9,XML_MEMBER_URL_PATTERN_NOT_CONTENT_VERIFIED
https://www.pianochord.org/em6-flat.html,,https://www.pianochord.org/sitemap.xml,Detail candidate,Eb,3,Minor 6,XML_MEMBER_URL_PATTERN_NOT_CONTENT_VERIFIED
https://www.pianochord.org/em6.html,,https://www.pianochord.org/sitemap.xml,Detail candidate,E,4,Minor 6,XML_MEMBER_URL_PATTERN_NOT_CONTENT_VERIFIED
https://www.pianochord.org/em-flat-6-9.html,,https://www.pianochord.org/sitemap.xml,Unclassified,Eb,3,,XML_MEMBER_URL_PATTERN_NOT_CONTENT_VERIFIED
https://www.pianochord.org/em6-9.html,,https://www.pianochord.org/sitemap.xml,Unclassified,E,4,,XML_MEMBER_URL_PATTERN_NOT_CONTENT_VERIFIED
https://www.pianochord.org/em7-flat.html,,https://www.pianochord.org/sitemap.xml,Detail candidate,Eb,3,Minor 7,XML_MEMBER_URL_PATTERN_NOT_CONTENT_VERIFIED
https://www.pianochord.org/eminmaj7-flat.html,,https://www.pianochord.org/sitemap.xml,Unclassified,Eb,3,,XML_MEMBER_URL_PATTERN_NOT_CONTENT_VERIFIED
https://www.pianochord.org/eminmaj9-flat.html,,https://www.pianochord.org/sitemap.xml,Unclassified,Eb,3,,XML_MEMBER_URL_PATTERN_NOT_CONTENT_VERIFIED
https://www.pianochord.org/em7.html,,https://www.pianochord.org/sitemap.xml,Detail candidate,E,4,Minor 7,XML_MEMBER_URL_PATTERN_NOT_CONTENT_VERIFIED
https://www.pianochord.org/em7-alternative-bass.html,,https://www.pianochord.org/sitemap.xml,Unclassified,E,4,,XML_MEMBER_URL_PATTERN_NOT_CONTENT_VERIFIED
https://www.pianochord.org/eminmaj7.html,,https://www.pianochord.org/sitemap.xml,Unclassified,E,4,,XML_MEMBER_URL_PATTERN_NOT_CONTENT_VERIFIED
https://www.pianochord.org/eminmaj9.html,,https://www.pianochord.org/sitemap.xml,Unclassified,E,4,,XML_MEMBER_URL_PATTERN_NOT_CONTENT_VERIFIED
https://www.pianochord.org/em7-flat-m7b5.html,,https://www.pianochord.org/sitemap.xml,Unclassified,Eb,3,,XML_MEMBER_URL_PATTERN_NOT_CONTENT_VERIFIED
https://www.pianochord.org/em7-m7b5.html,,https://www.pianochord.org/sitemap.xml,Unclassified,E,4,,XML_MEMBER_URL_PATTERN_NOT_CONTENT_VERIFIED
https://www.pianochord.org/emaj7-flat.html,,https://www.pianochord.org/sitemap.xml,Detail candidate,Eb,3,Major 7,XML_MEMBER_URL_PATTERN_NOT_CONTENT_VERIFIED
https://www.pianochord.org/emaj7.html,,https://www.pianochord.org/sitemap.xml,Detail candidate,E,4,Major 7,XML_MEMBER_URL_PATTERN_NOT_CONTENT_VERIFIED
https://www.pianochord.org/emaj9-flat.html,,https://www.pianochord.org/sitemap.xml,Detail candidate,Eb,3,Major 9,XML_MEMBER_URL_PATTERN_NOT_CONTENT_VERIFIED
https://www.pianochord.org/emaj9.html,,https://www.pianochord.org/sitemap.xml,Detail candidate,E,4,Major 9,XML_MEMBER_URL_PATTERN_NOT_CONTENT_VERIFIED
https://www.pianochord.org/em9-flat.html,,https://www.pianochord.org/sitemap.xml,Detail candidate,Eb,3,Minor 9,XML_MEMBER_URL_PATTERN_NOT_CONTENT_VERIFIED
https://www.pianochord.org/em9.html,,https://www.pianochord.org/sitemap.xml,Detail candidate,E,4,Minor 9,XML_MEMBER_URL_PATTERN_NOT_CONTENT_VERIFIED
https://www.pianochord.org/em11-flat.html,,https://www.pianochord.org/sitemap.xml,Detail candidate,Eb,3,Minor 11,XML_MEMBER_URL_PATTERN_NOT_CONTENT_VERIFIED
https://www.pianochord.org/em11.html,,https://www.pianochord.org/sitemap.xml,Detail candidate,E,4,Minor 11,XML_MEMBER_URL_PATTERN_NOT_CONTENT_VERIFIED
https://www.pianochord.org/emaj11.html,,https://www.pianochord.org/sitemap.xml,Detail candidate,E,4,Major 11,XML_MEMBER_URL_PATTERN_NOT_CONTENT_VERIFIED
https://www.pianochord.org/emaj11-flat.html,,https://www.pianochord.org/sitemap.xml,Detail candidate,Eb,3,Major 11,XML_MEMBER_URL_PATTERN_NOT_CONTENT_VERIFIED
https://www.pianochord.org/em13-flat.html,,https://www.pianochord.org/sitemap.xml,Detail candidate,Eb,3,Minor 13,XML_MEMBER_URL_PATTERN_NOT_CONTENT_VERIFIED
https://www.pianochord.org/em13.html,,https://www.pianochord.org/sitemap.xml,Detail candidate,E,4,Minor 13,XML_MEMBER_URL_PATTERN_NOT_CONTENT_VERIFIED
https://www.pianochord.org/emaj13-flat.html,,https://www.pianochord.org/sitemap.xml,Detail candidate,Eb,3,Major 13,XML_MEMBER_URL_PATTERN_NOT_CONTENT_VERIFIED
https://www.pianochord.org/emaj13.html,,https://www.pianochord.org/sitemap.xml,Detail candidate,E,4,Major 13,XML_MEMBER_URL_PATTERN_NOT_CONTENT_VERIFIED
https://www.pianochord.org/em-add.html,,https://www.pianochord.org/sitemap.xml,Detail candidate,E,4,Minor Add9,XML_MEMBER_URL_PATTERN_NOT_CONTENT_VERIFIED
https://www.pianochord.org/f.html,,https://www.pianochord.org/sitemap.xml,Root hub,F,5,,XML_MEMBER_URL_PATTERN_NOT_CONTENT_VERIFIED
https://www.pianochord.org/f-filter.html,,https://www.pianochord.org/sitemap.xml,Root collection,F,5,,XML_MEMBER_URL_PATTERN_NOT_CONTENT_VERIFIED
https://www.pianochord.org/f-major.html,,https://www.pianochord.org/sitemap.xml,Detail candidate,F,5,Major,XML_MEMBER_URL_PATTERN_NOT_CONTENT_VERIFIED
https://www.pianochord.org/f-alternative-bass.html,,https://www.pianochord.org/sitemap.xml,Unclassified,F,5,,XML_MEMBER_URL_PATTERN_NOT_CONTENT_VERIFIED
https://www.pianochord.org/fm.html,,https://www.pianochord.org/sitemap.xml,Detail candidate,F,5,Minor,XML_MEMBER_URL_PATTERN_NOT_CONTENT_VERIFIED
https://www.pianochord.org/fm-alternative-bass.html,,https://www.pianochord.org/sitemap.xml,Unclassified,F,5,,XML_MEMBER_URL_PATTERN_NOT_CONTENT_VERIFIED
https://www.pianochord.org/f6-sharp.html,,https://www.pianochord.org/sitemap.xml,Detail candidate,F#,6,Major 6,XML_MEMBER_URL_PATTERN_NOT_CONTENT_VERIFIED
https://www.pianochord.org/f6.html,,https://www.pianochord.org/sitemap.xml,Detail candidate,F,5,Major 6,XML_MEMBER_URL_PATTERN_NOT_CONTENT_VERIFIED
https://www.pianochord.org/f-sharp-6-9.html,,https://www.pianochord.org/sitemap.xml,Detail candidate,F#,6,6/9,XML_MEMBER_URL_PATTERN_NOT_CONTENT_VERIFIED
https://www.pianochord.org/f6-9.html,,https://www.pianochord.org/sitemap.xml,Detail candidate,F,5,6/9,XML_MEMBER_URL_PATTERN_NOT_CONTENT_VERIFIED
https://www.pianochord.org/f7.html,,https://www.pianochord.org/sitemap.xml,Detail candidate,F,5,Dominant 7,XML_MEMBER_URL_PATTERN_NOT_CONTENT_VERIFIED
https://www.pianochord.org/f7-alternative-bass.html,,https://www.pianochord.org/sitemap.xml,Unclassified,F,5,,XML_MEMBER_URL_PATTERN_NOT_CONTENT_VERIFIED
https://www.pianochord.org/f-extended.html,,https://www.pianochord.org/sitemap.xml,Detail candidate,F,5,Dominant 9,XML_MEMBER_URL_PATTERN_NOT_CONTENT_VERIFIED
https://www.pianochord.org/f11.html,,https://www.pianochord.org/sitemap.xml,Detail candidate,F,5,Dominant 11,XML_MEMBER_URL_PATTERN_NOT_CONTENT_VERIFIED
https://www.pianochord.org/f13.html,,https://www.pianochord.org/sitemap.xml,Detail candidate,F,5,Dominant 13,XML_MEMBER_URL_PATTERN_NOT_CONTENT_VERIFIED
https://www.pianochord.org/f5.html,,https://www.pianochord.org/sitemap.xml,Detail candidate,F,5,Power chord,XML_MEMBER_URL_PATTERN_NOT_CONTENT_VERIFIED
https://www.pianochord.org/f-altered.html,,https://www.pianochord.org/sitemap.xml,Unclassified,F,5,,XML_MEMBER_URL_PATTERN_NOT_CONTENT_VERIFIED
https://www.pianochord.org/f7-5.html,,https://www.pianochord.org/sitemap.xml,Detail candidate,F,5,Altered candidate,XML_MEMBER_URL_PATTERN_NOT_CONTENT_VERIFIED
https://www.pianochord.org/f7minus9.html,,https://www.pianochord.org/sitemap.xml,Unclassified,F,5,,XML_MEMBER_URL_PATTERN_NOT_CONTENT_VERIFIED
https://www.pianochord.org/f7plus9.html,,https://www.pianochord.org/sitemap.xml,Unclassified,F,5,,XML_MEMBER_URL_PATTERN_NOT_CONTENT_VERIFIED
https://www.pianochord.org/f7plus11.html,,https://www.pianochord.org/sitemap.xml,Unclassified,F,5,,XML_MEMBER_URL_PATTERN_NOT_CONTENT_VERIFIED
https://www.pianochord.org/f13plus11.html,,https://www.pianochord.org/sitemap.xml,Unclassified,F,5,,XML_MEMBER_URL_PATTERN_NOT_CONTENT_VERIFIED
https://www.pianochord.org/f13minus9.html,,https://www.pianochord.org/sitemap.xml,Unclassified,F,5,,XML_MEMBER_URL_PATTERN_NOT_CONTENT_VERIFIED
https://www.pianochord.org/f-sharp-altered.html,,https://www.pianochord.org/sitemap.xml,Unclassified,F#,6,,XML_MEMBER_URL_PATTERN_NOT_CONTENT_VERIFIED
https://www.pianochord.org/f-sharp-7-5.html,,https://www.pianochord.org/sitemap.xml,Detail candidate,F#,6,Altered candidate,XML_MEMBER_URL_PATTERN_NOT_CONTENT_VERIFIED
https://www.pianochord.org/f-sharp-7minus9.html,,https://www.pianochord.org/sitemap.xml,Unclassified,F#,6,,XML_MEMBER_URL_PATTERN_NOT_CONTENT_VERIFIED
https://www.pianochord.org/f-sharp-7plus9.html,,https://www.pianochord.org/sitemap.xml,Unclassified,F#,6,,XML_MEMBER_URL_PATTERN_NOT_CONTENT_VERIFIED
https://www.pianochord.org/f-sharp-7plus11.html,,https://www.pianochord.org/sitemap.xml,Unclassified,F#,6,,XML_MEMBER_URL_PATTERN_NOT_CONTENT_VERIFIED
https://www.pianochord.org/f-sharp-13plus11.html,,https://www.pianochord.org/sitemap.xml,Unclassified,F#,6,,XML_MEMBER_URL_PATTERN_NOT_CONTENT_VERIFIED
https://www.pianochord.org/f-sharp-13minus9.html,,https://www.pianochord.org/sitemap.xml,Unclassified,F#,6,,XML_MEMBER_URL_PATTERN_NOT_CONTENT_VERIFIED
https://www.pianochord.org/f-sus.html,,https://www.pianochord.org/sitemap.xml,Detail candidate,F,5,Sus2;Sus4,XML_MEMBER_URL_PATTERN_NOT_CONTENT_VERIFIED
https://www.pianochord.org/f7-sus.html,,https://www.pianochord.org/sitemap.xml,Unclassified,F,5,,XML_MEMBER_URL_PATTERN_NOT_CONTENT_VERIFIED
https://www.pianochord.org/f-dim.html,,https://www.pianochord.org/sitemap.xml,Detail candidate,F,5,Diminished,XML_MEMBER_URL_PATTERN_NOT_CONTENT_VERIFIED
https://www.pianochord.org/f-dim7.html,,https://www.pianochord.org/sitemap.xml,Detail candidate,F,5,Diminished 7,XML_MEMBER_URL_PATTERN_NOT_CONTENT_VERIFIED
https://www.pianochord.org/f-aug.html,,https://www.pianochord.org/sitemap.xml,Detail candidate,F,5,Augmented,XML_MEMBER_URL_PATTERN_NOT_CONTENT_VERIFIED
https://www.pianochord.org/f-aug7.html,,https://www.pianochord.org/sitemap.xml,Detail candidate,F,5,Augmented 7,XML_MEMBER_URL_PATTERN_NOT_CONTENT_VERIFIED
https://www.pianochord.org/f-add.html,,https://www.pianochord.org/sitemap.xml,Detail candidate,F,5,Add9,XML_MEMBER_URL_PATTERN_NOT_CONTENT_VERIFIED
https://www.pianochord.org/f-add11.html,,https://www.pianochord.org/sitemap.xml,Unclassified,F,5,,XML_MEMBER_URL_PATTERN_NOT_CONTENT_VERIFIED
https://www.pianochord.org/f-sharp.html,,https://www.pianochord.org/sitemap.xml,Root hub,F#,6,,XML_MEMBER_URL_PATTERN_NOT_CONTENT_VERIFIED
https://www.pianochord.org/f-sharp-filter.html,,https://www.pianochord.org/sitemap.xml,Root collection,F#,6,,XML_MEMBER_URL_PATTERN_NOT_CONTENT_VERIFIED
https://www.pianochord.org/f-sharp-major.html,,https://www.pianochord.org/sitemap.xml,Detail candidate,F#,6,Major,XML_MEMBER_URL_PATTERN_NOT_CONTENT_VERIFIED
https://www.pianochord.org/fm-sharp.html,,https://www.pianochord.org/sitemap.xml,Detail candidate,F#,6,Minor,XML_MEMBER_URL_PATTERN_NOT_CONTENT_VERIFIED
https://www.pianochord.org/fm-sharp-alternative-bass.html,,https://www.pianochord.org/sitemap.xml,Unclassified,F#,6,,XML_MEMBER_URL_PATTERN_NOT_CONTENT_VERIFIED
https://www.pianochord.org/f7-sharp.html,,https://www.pianochord.org/sitemap.xml,Detail candidate,F#,6,Dominant 7,XML_MEMBER_URL_PATTERN_NOT_CONTENT_VERIFIED
https://www.pianochord.org/f-sharp-extended.html,,https://www.pianochord.org/sitemap.xml,Detail candidate,F#,6,Dominant 9,XML_MEMBER_URL_PATTERN_NOT_CONTENT_VERIFIED
https://www.pianochord.org/f9-sharp-sus.html,,https://www.pianochord.org/sitemap.xml,Unclassified,F#,6,,XML_MEMBER_URL_PATTERN_NOT_CONTENT_VERIFIED
https://www.pianochord.org/f-sharp-11.html,,https://www.pianochord.org/sitemap.xml,Detail candidate,F#,6,Dominant 11,XML_MEMBER_URL_PATTERN_NOT_CONTENT_VERIFIED
https://www.pianochord.org/f-sharp-13.html,,https://www.pianochord.org/sitemap.xml,Detail candidate,F#,6,Dominant 13,XML_MEMBER_URL_PATTERN_NOT_CONTENT_VERIFIED
https://www.pianochord.org/f-sharp-5.html,,https://www.pianochord.org/sitemap.xml,Detail candidate,F#,6,Power chord,XML_MEMBER_URL_PATTERN_NOT_CONTENT_VERIFIED
https://www.pianochord.org/f-sharp-sus.html,,https://www.pianochord.org/sitemap.xml,Detail candidate,F#,6,Sus2;Sus4,XML_MEMBER_URL_PATTERN_NOT_CONTENT_VERIFIED
https://www.pianochord.org/f7-sharp-sus.html,,https://www.pianochord.org/sitemap.xml,Unclassified,F#,6,,XML_MEMBER_URL_PATTERN_NOT_CONTENT_VERIFIED
https://www.pianochord.org/f-sharp-dim.html,,https://www.pianochord.org/sitemap.xml,Detail candidate,F#,6,Diminished,XML_MEMBER_URL_PATTERN_NOT_CONTENT_VERIFIED
https://www.pianochord.org/f-sharp-dim7.html,,https://www.pianochord.org/sitemap.xml,Detail candidate,F#,6,Diminished 7,XML_MEMBER_URL_PATTERN_NOT_CONTENT_VERIFIED
https://www.pianochord.org/f-sharp-aug.html,,https://www.pianochord.org/sitemap.xml,Detail candidate,F#,6,Augmented,XML_MEMBER_URL_PATTERN_NOT_CONTENT_VERIFIED
https://www.pianochord.org/f-sharp-aug7.html,,https://www.pianochord.org/sitemap.xml,Detail candidate,F#,6,Augmented 7,XML_MEMBER_URL_PATTERN_NOT_CONTENT_VERIFIED
https://www.pianochord.org/f-sharp-add.html,,https://www.pianochord.org/sitemap.xml,Detail candidate,F#,6,Add9,XML_MEMBER_URL_PATTERN_NOT_CONTENT_VERIFIED
https://www.pianochord.org/f-sharp-add11.html,,https://www.pianochord.org/sitemap.xml,Unclassified,F#,6,,XML_MEMBER_URL_PATTERN_NOT_CONTENT_VERIFIED
https://www.pianochord.org/fm-sharp-add.html,,https://www.pianochord.org/sitemap.xml,Detail candidate,F#,6,Minor Add9,XML_MEMBER_URL_PATTERN_NOT_CONTENT_VERIFIED
https://www.pianochord.org/fm6-sharp.html,,https://www.pianochord.org/sitemap.xml,Detail candidate,F#,6,Minor 6,XML_MEMBER_URL_PATTERN_NOT_CONTENT_VERIFIED
https://www.pianochord.org/fm6.html,,https://www.pianochord.org/sitemap.xml,Detail candidate,F,5,Minor 6,XML_MEMBER_URL_PATTERN_NOT_CONTENT_VERIFIED
https://www.pianochord.org/fm-sharp-6-9.html,,https://www.pianochord.org/sitemap.xml,Unclassified,F#,6,,XML_MEMBER_URL_PATTERN_NOT_CONTENT_VERIFIED
https://www.pianochord.org/fm6-9.html,,https://www.pianochord.org/sitemap.xml,Unclassified,F,5,,XML_MEMBER_URL_PATTERN_NOT_CONTENT_VERIFIED
https://www.pianochord.org/fm7-sharp.html,,https://www.pianochord.org/sitemap.xml,Detail candidate,F#,6,Minor 7,XML_MEMBER_URL_PATTERN_NOT_CONTENT_VERIFIED
https://www.pianochord.org/fminmaj7-sharp.html,,https://www.pianochord.org/sitemap.xml,Unclassified,F#,6,,XML_MEMBER_URL_PATTERN_NOT_CONTENT_VERIFIED
https://www.pianochord.org/fminmaj9-sharp.html,,https://www.pianochord.org/sitemap.xml,Unclassified,F#,6,,XML_MEMBER_URL_PATTERN_NOT_CONTENT_VERIFIED
https://www.pianochord.org/fm7.html,,https://www.pianochord.org/sitemap.xml,Detail candidate,F,5,Minor 7,XML_MEMBER_URL_PATTERN_NOT_CONTENT_VERIFIED
https://www.pianochord.org/fm7-alternative-bass.html,,https://www.pianochord.org/sitemap.xml,Unclassified,F,5,,XML_MEMBER_URL_PATTERN_NOT_CONTENT_VERIFIED
https://www.pianochord.org/fminmaj7.html,,https://www.pianochord.org/sitemap.xml,Unclassified,F,5,,XML_MEMBER_URL_PATTERN_NOT_CONTENT_VERIFIED
https://www.pianochord.org/fminmaj9.html,,https://www.pianochord.org/sitemap.xml,Unclassified,F,5,,XML_MEMBER_URL_PATTERN_NOT_CONTENT_VERIFIED
https://www.pianochord.org/fm7-sharp-m7b5.html,,https://www.pianochord.org/sitemap.xml,Unclassified,F#,6,,XML_MEMBER_URL_PATTERN_NOT_CONTENT_VERIFIED
https://www.pianochord.org/fm7-m7b5.html,,https://www.pianochord.org/sitemap.xml,Unclassified,F,5,,XML_MEMBER_URL_PATTERN_NOT_CONTENT_VERIFIED
https://www.pianochord.org/fmaj7-sharp.html,,https://www.pianochord.org/sitemap.xml,Detail candidate,F#,6,Major 7,XML_MEMBER_URL_PATTERN_NOT_CONTENT_VERIFIED
https://www.pianochord.org/fmaj7.html,,https://www.pianochord.org/sitemap.xml,Detail candidate,F,5,Major 7,XML_MEMBER_URL_PATTERN_NOT_CONTENT_VERIFIED
https://www.pianochord.org/fmaj9-sharp.html,,https://www.pianochord.org/sitemap.xml,Detail candidate,F#,6,Major 9,XML_MEMBER_URL_PATTERN_NOT_CONTENT_VERIFIED
https://www.pianochord.org/fmaj9.html,,https://www.pianochord.org/sitemap.xml,Detail candidate,F,5,Major 9,XML_MEMBER_URL_PATTERN_NOT_CONTENT_VERIFIED
https://www.pianochord.org/fm9-sharp.html,,https://www.pianochord.org/sitemap.xml,Detail candidate,F#,6,Minor 9,XML_MEMBER_URL_PATTERN_NOT_CONTENT_VERIFIED
https://www.pianochord.org/fm9.html,,https://www.pianochord.org/sitemap.xml,Detail candidate,F,5,Minor 9,XML_MEMBER_URL_PATTERN_NOT_CONTENT_VERIFIED
https://www.pianochord.org/fm11-sharp.html,,https://www.pianochord.org/sitemap.xml,Detail candidate,F#,6,Minor 11,XML_MEMBER_URL_PATTERN_NOT_CONTENT_VERIFIED
https://www.pianochord.org/fm11.html,,https://www.pianochord.org/sitemap.xml,Detail candidate,F,5,Minor 11,XML_MEMBER_URL_PATTERN_NOT_CONTENT_VERIFIED
https://www.pianochord.org/fmaj11.html,,https://www.pianochord.org/sitemap.xml,Detail candidate,F,5,Major 11,XML_MEMBER_URL_PATTERN_NOT_CONTENT_VERIFIED
https://www.pianochord.org/fmaj11-sharp.html,,https://www.pianochord.org/sitemap.xml,Detail candidate,F#,6,Major 11,XML_MEMBER_URL_PATTERN_NOT_CONTENT_VERIFIED
https://www.pianochord.org/fm13-sharp.html,,https://www.pianochord.org/sitemap.xml,Detail candidate,F#,6,Minor 13,XML_MEMBER_URL_PATTERN_NOT_CONTENT_VERIFIED
https://www.pianochord.org/fm13.html,,https://www.pianochord.org/sitemap.xml,Detail candidate,F,5,Minor 13,XML_MEMBER_URL_PATTERN_NOT_CONTENT_VERIFIED
https://www.pianochord.org/fmaj13-sharp.html,,https://www.pianochord.org/sitemap.xml,Detail candidate,F#,6,Major 13,XML_MEMBER_URL_PATTERN_NOT_CONTENT_VERIFIED
https://www.pianochord.org/fmaj13.html,,https://www.pianochord.org/sitemap.xml,Detail candidate,F,5,Major 13,XML_MEMBER_URL_PATTERN_NOT_CONTENT_VERIFIED
https://www.pianochord.org/fm-add.html,,https://www.pianochord.org/sitemap.xml,Detail candidate,F,5,Minor Add9,XML_MEMBER_URL_PATTERN_NOT_CONTENT_VERIFIED
https://www.pianochord.org/g.html,,https://www.pianochord.org/sitemap.xml,Root hub,G,7,,XML_MEMBER_URL_PATTERN_NOT_CONTENT_VERIFIED
https://www.pianochord.org/g-filter.html,,https://www.pianochord.org/sitemap.xml,Root collection,G,7,,XML_MEMBER_URL_PATTERN_NOT_CONTENT_VERIFIED
https://www.pianochord.org/g-major.html,,https://www.pianochord.org/sitemap.xml,Detail candidate,G,7,Major,XML_MEMBER_URL_PATTERN_NOT_CONTENT_VERIFIED
https://www.pianochord.org/g-alternative-bass.html,,https://www.pianochord.org/sitemap.xml,Unclassified,G,7,,XML_MEMBER_URL_PATTERN_NOT_CONTENT_VERIFIED
https://www.pianochord.org/gm.html,,https://www.pianochord.org/sitemap.xml,Detail candidate,G,7,Minor,XML_MEMBER_URL_PATTERN_NOT_CONTENT_VERIFIED
https://www.pianochord.org/gm-alternative-bass.html,,https://www.pianochord.org/sitemap.xml,Unclassified,G,7,,XML_MEMBER_URL_PATTERN_NOT_CONTENT_VERIFIED
https://www.pianochord.org/g6-flat.html,,https://www.pianochord.org/sitemap.xml,Detail candidate,Gb,6,Major 6,XML_MEMBER_URL_PATTERN_NOT_CONTENT_VERIFIED
https://www.pianochord.org/g6-sharp.html,,https://www.pianochord.org/sitemap.xml,Detail candidate,G#,8,Major 6,XML_MEMBER_URL_PATTERN_NOT_CONTENT_VERIFIED
https://www.pianochord.org/g6.html,,https://www.pianochord.org/sitemap.xml,Detail candidate,G,7,Major 6,XML_MEMBER_URL_PATTERN_NOT_CONTENT_VERIFIED
https://www.pianochord.org/g-flat-6-9.html,,https://www.pianochord.org/sitemap.xml,Detail candidate,Gb,6,6/9,XML_MEMBER_URL_PATTERN_NOT_CONTENT_VERIFIED
https://www.pianochord.org/g-sharp-6-9.html,,https://www.pianochord.org/sitemap.xml,Detail candidate,G#,8,6/9,XML_MEMBER_URL_PATTERN_NOT_CONTENT_VERIFIED
https://www.pianochord.org/g6-9.html,,https://www.pianochord.org/sitemap.xml,Detail candidate,G,7,6/9,XML_MEMBER_URL_PATTERN_NOT_CONTENT_VERIFIED
https://www.pianochord.org/g7.html,,https://www.pianochord.org/sitemap.xml,Detail candidate,G,7,Dominant 7,XML_MEMBER_URL_PATTERN_NOT_CONTENT_VERIFIED
https://www.pianochord.org/g7-alternative-bass.html,,https://www.pianochord.org/sitemap.xml,Unclassified,G,7,,XML_MEMBER_URL_PATTERN_NOT_CONTENT_VERIFIED
https://www.pianochord.org/g-extended.html,,https://www.pianochord.org/sitemap.xml,Detail candidate,G,7,Dominant 9,XML_MEMBER_URL_PATTERN_NOT_CONTENT_VERIFIED
https://www.pianochord.org/g9-sus.html,,https://www.pianochord.org/sitemap.xml,Unclassified,G,7,,XML_MEMBER_URL_PATTERN_NOT_CONTENT_VERIFIED
https://www.pianochord.org/g11.html,,https://www.pianochord.org/sitemap.xml,Detail candidate,G,7,Dominant 11,XML_MEMBER_URL_PATTERN_NOT_CONTENT_VERIFIED
https://www.pianochord.org/g13.html,,https://www.pianochord.org/sitemap.xml,Detail candidate,G,7,Dominant 13,XML_MEMBER_URL_PATTERN_NOT_CONTENT_VERIFIED
https://www.pianochord.org/g5.html,,https://www.pianochord.org/sitemap.xml,Detail candidate,G,7,Power chord,XML_MEMBER_URL_PATTERN_NOT_CONTENT_VERIFIED
https://www.pianochord.org/g-altered.html,,https://www.pianochord.org/sitemap.xml,Unclassified,G,7,,XML_MEMBER_URL_PATTERN_NOT_CONTENT_VERIFIED
https://www.pianochord.org/g7-5.html,,https://www.pianochord.org/sitemap.xml,Detail candidate,G,7,Altered candidate,XML_MEMBER_URL_PATTERN_NOT_CONTENT_VERIFIED
https://www.pianochord.org/g7minus9.html,,https://www.pianochord.org/sitemap.xml,Unclassified,G,7,,XML_MEMBER_URL_PATTERN_NOT_CONTENT_VERIFIED
https://www.pianochord.org/g7plus9.html,,https://www.pianochord.org/sitemap.xml,Unclassified,G,7,,XML_MEMBER_URL_PATTERN_NOT_CONTENT_VERIFIED
https://www.pianochord.org/g7plus11.html,,https://www.pianochord.org/sitemap.xml,Unclassified,G,7,,XML_MEMBER_URL_PATTERN_NOT_CONTENT_VERIFIED
https://www.pianochord.org/g13plus11.html,,https://www.pianochord.org/sitemap.xml,Unclassified,G,7,,XML_MEMBER_URL_PATTERN_NOT_CONTENT_VERIFIED
https://www.pianochord.org/g13minus9.html,,https://www.pianochord.org/sitemap.xml,Unclassified,G,7,,XML_MEMBER_URL_PATTERN_NOT_CONTENT_VERIFIED
https://www.pianochord.org/g-flat-altered.html,,https://www.pianochord.org/sitemap.xml,Unclassified,Gb,6,,XML_MEMBER_URL_PATTERN_NOT_CONTENT_VERIFIED
https://www.pianochord.org/g-flat-7-5.html,,https://www.pianochord.org/sitemap.xml,Detail candidate,Gb,6,Altered candidate,XML_MEMBER_URL_PATTERN_NOT_CONTENT_VERIFIED
https://www.pianochord.org/g-flat-7minus9.html,,https://www.pianochord.org/sitemap.xml,Unclassified,Gb,6,,XML_MEMBER_URL_PATTERN_NOT_CONTENT_VERIFIED
https://www.pianochord.org/g-flat-7plus9.html,,https://www.pianochord.org/sitemap.xml,Unclassified,Gb,6,,XML_MEMBER_URL_PATTERN_NOT_CONTENT_VERIFIED
https://www.pianochord.org/g-flat-7plus11.html,,https://www.pianochord.org/sitemap.xml,Unclassified,Gb,6,,XML_MEMBER_URL_PATTERN_NOT_CONTENT_VERIFIED
https://www.pianochord.org/g-flat-13plus11.html,,https://www.pianochord.org/sitemap.xml,Unclassified,Gb,6,,XML_MEMBER_URL_PATTERN_NOT_CONTENT_VERIFIED
https://www.pianochord.org/g-flat-13minus9.html,,https://www.pianochord.org/sitemap.xml,Unclassified,Gb,6,,XML_MEMBER_URL_PATTERN_NOT_CONTENT_VERIFIED
https://www.pianochord.org/g-sharp-altered.html,,https://www.pianochord.org/sitemap.xml,Unclassified,G#,8,,XML_MEMBER_URL_PATTERN_NOT_CONTENT_VERIFIED
https://www.pianochord.org/g-sharp-7-5.html,,https://www.pianochord.org/sitemap.xml,Detail candidate,G#,8,Altered candidate,XML_MEMBER_URL_PATTERN_NOT_CONTENT_VERIFIED
https://www.pianochord.org/g-sharp-7minus9.html,,https://www.pianochord.org/sitemap.xml,Unclassified,G#,8,,XML_MEMBER_URL_PATTERN_NOT_CONTENT_VERIFIED
https://www.pianochord.org/g-sharp-7plus9.html,,https://www.pianochord.org/sitemap.xml,Unclassified,G#,8,,XML_MEMBER_URL_PATTERN_NOT_CONTENT_VERIFIED
https://www.pianochord.org/g-sharp-7plus11.html,,https://www.pianochord.org/sitemap.xml,Unclassified,G#,8,,XML_MEMBER_URL_PATTERN_NOT_CONTENT_VERIFIED
https://www.pianochord.org/g-sharp-13plus11.html,,https://www.pianochord.org/sitemap.xml,Unclassified,G#,8,,XML_MEMBER_URL_PATTERN_NOT_CONTENT_VERIFIED
https://www.pianochord.org/g-sharp-13minus9.html,,https://www.pianochord.org/sitemap.xml,Unclassified,G#,8,,XML_MEMBER_URL_PATTERN_NOT_CONTENT_VERIFIED
https://www.pianochord.org/g-sus.html,,https://www.pianochord.org/sitemap.xml,Detail candidate,G,7,Sus2;Sus4,XML_MEMBER_URL_PATTERN_NOT_CONTENT_VERIFIED
https://www.pianochord.org/g7-sus.html,,https://www.pianochord.org/sitemap.xml,Unclassified,G,7,,XML_MEMBER_URL_PATTERN_NOT_CONTENT_VERIFIED
https://www.pianochord.org/g-dim.html,,https://www.pianochord.org/sitemap.xml,Detail candidate,G,7,Diminished,XML_MEMBER_URL_PATTERN_NOT_CONTENT_VERIFIED
https://www.pianochord.org/g-dim7.html,,https://www.pianochord.org/sitemap.xml,Detail candidate,G,7,Diminished 7,XML_MEMBER_URL_PATTERN_NOT_CONTENT_VERIFIED
https://www.pianochord.org/g-aug.html,,https://www.pianochord.org/sitemap.xml,Detail candidate,G,7,Augmented,XML_MEMBER_URL_PATTERN_NOT_CONTENT_VERIFIED
https://www.pianochord.org/g-aug7.html,,https://www.pianochord.org/sitemap.xml,Detail candidate,G,7,Augmented 7,XML_MEMBER_URL_PATTERN_NOT_CONTENT_VERIFIED
https://www.pianochord.org/g-add.html,,https://www.pianochord.org/sitemap.xml,Detail candidate,G,7,Add9,XML_MEMBER_URL_PATTERN_NOT_CONTENT_VERIFIED
https://www.pianochord.org/g-add11.html,,https://www.pianochord.org/sitemap.xml,Unclassified,G,7,,XML_MEMBER_URL_PATTERN_NOT_CONTENT_VERIFIED
https://www.pianochord.org/g-flat.html,,https://www.pianochord.org/sitemap.xml,Root hub,Gb,6,,XML_MEMBER_URL_PATTERN_NOT_CONTENT_VERIFIED
https://www.pianochord.org/g-flat-filter.html,,https://www.pianochord.org/sitemap.xml,Root collection,Gb,6,,XML_MEMBER_URL_PATTERN_NOT_CONTENT_VERIFIED
https://www.pianochord.org/g-flat-major.html,,https://www.pianochord.org/sitemap.xml,Detail candidate,Gb,6,Major,XML_MEMBER_URL_PATTERN_NOT_CONTENT_VERIFIED
https://www.pianochord.org/gm-flat.html,,https://www.pianochord.org/sitemap.xml,Detail candidate,Gb,6,Minor,XML_MEMBER_URL_PATTERN_NOT_CONTENT_VERIFIED
https://www.pianochord.org/gm-flat-alternative-bass.html,,https://www.pianochord.org/sitemap.xml,Unclassified,Gb,6,,XML_MEMBER_URL_PATTERN_NOT_CONTENT_VERIFIED
https://www.pianochord.org/g7-flat.html,,https://www.pianochord.org/sitemap.xml,Detail candidate,Gb,6,Dominant 7,XML_MEMBER_URL_PATTERN_NOT_CONTENT_VERIFIED
https://www.pianochord.org/g-flat-extended.html,,https://www.pianochord.org/sitemap.xml,Detail candidate,Gb,6,Dominant 9,XML_MEMBER_URL_PATTERN_NOT_CONTENT_VERIFIED
https://www.pianochord.org/g9-flat-sus.html,,https://www.pianochord.org/sitemap.xml,Unclassified,Gb,6,,XML_MEMBER_URL_PATTERN_NOT_CONTENT_VERIFIED
https://www.pianochord.org/g-flat-11.html,,https://www.pianochord.org/sitemap.xml,Detail candidate,Gb,6,Dominant 11,XML_MEMBER_URL_PATTERN_NOT_CONTENT_VERIFIED
https://www.pianochord.org/g-flat-13.html,,https://www.pianochord.org/sitemap.xml,Detail candidate,Gb,6,Dominant 13,XML_MEMBER_URL_PATTERN_NOT_CONTENT_VERIFIED
https://www.pianochord.org/g-flat-5.html,,https://www.pianochord.org/sitemap.xml,Detail candidate,Gb,6,Power chord,XML_MEMBER_URL_PATTERN_NOT_CONTENT_VERIFIED
https://www.pianochord.org/g-flat-sus.html,,https://www.pianochord.org/sitemap.xml,Detail candidate,Gb,6,Sus2;Sus4,XML_MEMBER_URL_PATTERN_NOT_CONTENT_VERIFIED
https://www.pianochord.org/g7-flat-sus.html,,https://www.pianochord.org/sitemap.xml,Unclassified,Gb,6,,XML_MEMBER_URL_PATTERN_NOT_CONTENT_VERIFIED
https://www.pianochord.org/g-flat-dim.html,,https://www.pianochord.org/sitemap.xml,Detail candidate,Gb,6,Diminished,XML_MEMBER_URL_PATTERN_NOT_CONTENT_VERIFIED
https://www.pianochord.org/g-flat-dim7.html,,https://www.pianochord.org/sitemap.xml,Detail candidate,Gb,6,Diminished 7,XML_MEMBER_URL_PATTERN_NOT_CONTENT_VERIFIED
https://www.pianochord.org/g-flat-aug.html,,https://www.pianochord.org/sitemap.xml,Detail candidate,Gb,6,Augmented,XML_MEMBER_URL_PATTERN_NOT_CONTENT_VERIFIED
https://www.pianochord.org/g-flat-aug7.html,,https://www.pianochord.org/sitemap.xml,Detail candidate,Gb,6,Augmented 7,XML_MEMBER_URL_PATTERN_NOT_CONTENT_VERIFIED
https://www.pianochord.org/g-flat-add.html,,https://www.pianochord.org/sitemap.xml,Detail candidate,Gb,6,Add9,XML_MEMBER_URL_PATTERN_NOT_CONTENT_VERIFIED
https://www.pianochord.org/g-flat-add11.html,,https://www.pianochord.org/sitemap.xml,Unclassified,Gb,6,,XML_MEMBER_URL_PATTERN_NOT_CONTENT_VERIFIED
https://www.pianochord.org/gm-flat-add.html,,https://www.pianochord.org/sitemap.xml,Detail candidate,Gb,6,Minor Add9,XML_MEMBER_URL_PATTERN_NOT_CONTENT_VERIFIED
https://www.pianochord.org/gm-sharp-add.html,,https://www.pianochord.org/sitemap.xml,Detail candidate,G#,8,Minor Add9,XML_MEMBER_URL_PATTERN_NOT_CONTENT_VERIFIED
https://www.pianochord.org/g-sharp.html,,https://www.pianochord.org/sitemap.xml,Root hub,G#,8,,XML_MEMBER_URL_PATTERN_NOT_CONTENT_VERIFIED
https://www.pianochord.org/g-sharp-filter.html,,https://www.pianochord.org/sitemap.xml,Root collection,G#,8,,XML_MEMBER_URL_PATTERN_NOT_CONTENT_VERIFIED
https://www.pianochord.org/g-sharp-major.html,,https://www.pianochord.org/sitemap.xml,Detail candidate,G#,8,Major,XML_MEMBER_URL_PATTERN_NOT_CONTENT_VERIFIED
https://www.pianochord.org/gm-sharp.html,,https://www.pianochord.org/sitemap.xml,Detail candidate,G#,8,Minor,XML_MEMBER_URL_PATTERN_NOT_CONTENT_VERIFIED
https://www.pianochord.org/gm-sharp-alternative-bass.html,,https://www.pianochord.org/sitemap.xml,Unclassified,G#,8,,XML_MEMBER_URL_PATTERN_NOT_CONTENT_VERIFIED
https://www.pianochord.org/g7-sharp.html,,https://www.pianochord.org/sitemap.xml,Detail candidate,G#,8,Dominant 7,XML_MEMBER_URL_PATTERN_NOT_CONTENT_VERIFIED
https://www.pianochord.org/g-sharp-extended.html,,https://www.pianochord.org/sitemap.xml,Detail candidate,G#,8,Dominant 9,XML_MEMBER_URL_PATTERN_NOT_CONTENT_VERIFIED
https://www.pianochord.org/g9-sharp-sus.html,,https://www.pianochord.org/sitemap.xml,Unclassified,G#,8,,XML_MEMBER_URL_PATTERN_NOT_CONTENT_VERIFIED
https://www.pianochord.org/g-sharp-11.html,,https://www.pianochord.org/sitemap.xml,Detail candidate,G#,8,Dominant 11,XML_MEMBER_URL_PATTERN_NOT_CONTENT_VERIFIED
https://www.pianochord.org/g-sharp-13.html,,https://www.pianochord.org/sitemap.xml,Detail candidate,G#,8,Dominant 13,XML_MEMBER_URL_PATTERN_NOT_CONTENT_VERIFIED
https://www.pianochord.org/g-sharp-5.html,,https://www.pianochord.org/sitemap.xml,Detail candidate,G#,8,Power chord,XML_MEMBER_URL_PATTERN_NOT_CONTENT_VERIFIED
https://www.pianochord.org/g-sharp-sus.html,,https://www.pianochord.org/sitemap.xml,Detail candidate,G#,8,Sus2;Sus4,XML_MEMBER_URL_PATTERN_NOT_CONTENT_VERIFIED
https://www.pianochord.org/g7-sharp-sus.html,,https://www.pianochord.org/sitemap.xml,Unclassified,G#,8,,XML_MEMBER_URL_PATTERN_NOT_CONTENT_VERIFIED
https://www.pianochord.org/g-sharp-dim.html,,https://www.pianochord.org/sitemap.xml,Detail candidate,G#,8,Diminished,XML_MEMBER_URL_PATTERN_NOT_CONTENT_VERIFIED
https://www.pianochord.org/g-sharp-dim7.html,,https://www.pianochord.org/sitemap.xml,Detail candidate,G#,8,Diminished 7,XML_MEMBER_URL_PATTERN_NOT_CONTENT_VERIFIED
https://www.pianochord.org/g-sharp-aug.html,,https://www.pianochord.org/sitemap.xml,Detail candidate,G#,8,Augmented,XML_MEMBER_URL_PATTERN_NOT_CONTENT_VERIFIED
https://www.pianochord.org/g-sharp-aug7.html,,https://www.pianochord.org/sitemap.xml,Detail candidate,G#,8,Augmented 7,XML_MEMBER_URL_PATTERN_NOT_CONTENT_VERIFIED
https://www.pianochord.org/g-sharp-add.html,,https://www.pianochord.org/sitemap.xml,Detail candidate,G#,8,Add9,XML_MEMBER_URL_PATTERN_NOT_CONTENT_VERIFIED
https://www.pianochord.org/g-sharp-add11.html,,https://www.pianochord.org/sitemap.xml,Unclassified,G#,8,,XML_MEMBER_URL_PATTERN_NOT_CONTENT_VERIFIED
https://www.pianochord.org/gm6-flat.html,,https://www.pianochord.org/sitemap.xml,Detail candidate,Gb,6,Minor 6,XML_MEMBER_URL_PATTERN_NOT_CONTENT_VERIFIED
https://www.pianochord.org/gm6-sharp.html,,https://www.pianochord.org/sitemap.xml,Detail candidate,G#,8,Minor 6,XML_MEMBER_URL_PATTERN_NOT_CONTENT_VERIFIED
https://www.pianochord.org/gm6.html,,https://www.pianochord.org/sitemap.xml,Detail candidate,G,7,Minor 6,XML_MEMBER_URL_PATTERN_NOT_CONTENT_VERIFIED
https://www.pianochord.org/gm-flat-6-9.html,,https://www.pianochord.org/sitemap.xml,Unclassified,Gb,6,,XML_MEMBER_URL_PATTERN_NOT_CONTENT_VERIFIED
https://www.pianochord.org/gm-sharp-6-9.html,,https://www.pianochord.org/sitemap.xml,Unclassified,G#,8,,XML_MEMBER_URL_PATTERN_NOT_CONTENT_VERIFIED
https://www.pianochord.org/gm6-9.html,,https://www.pianochord.org/sitemap.xml,Unclassified,G,7,,XML_MEMBER_URL_PATTERN_NOT_CONTENT_VERIFIED
https://www.pianochord.org/gm7-flat.html,,https://www.pianochord.org/sitemap.xml,Detail candidate,Gb,6,Minor 7,XML_MEMBER_URL_PATTERN_NOT_CONTENT_VERIFIED
https://www.pianochord.org/gminmaj7-flat.html,,https://www.pianochord.org/sitemap.xml,Unclassified,Gb,6,,XML_MEMBER_URL_PATTERN_NOT_CONTENT_VERIFIED
https://www.pianochord.org/gminmaj9-flat.html,,https://www.pianochord.org/sitemap.xml,Unclassified,Gb,6,,XML_MEMBER_URL_PATTERN_NOT_CONTENT_VERIFIED
https://www.pianochord.org/gm7-sharp.html,,https://www.pianochord.org/sitemap.xml,Detail candidate,G#,8,Minor 7,XML_MEMBER_URL_PATTERN_NOT_CONTENT_VERIFIED
https://www.pianochord.org/gminmaj7-sharp.html,,https://www.pianochord.org/sitemap.xml,Unclassified,G#,8,,XML_MEMBER_URL_PATTERN_NOT_CONTENT_VERIFIED
https://www.pianochord.org/gminmaj9-sharp.html,,https://www.pianochord.org/sitemap.xml,Unclassified,G#,8,,XML_MEMBER_URL_PATTERN_NOT_CONTENT_VERIFIED
https://www.pianochord.org/gm7.html,,https://www.pianochord.org/sitemap.xml,Detail candidate,G,7,Minor 7,XML_MEMBER_URL_PATTERN_NOT_CONTENT_VERIFIED
https://www.pianochord.org/gm7-alternative-bass.html,,https://www.pianochord.org/sitemap.xml,Unclassified,G,7,,XML_MEMBER_URL_PATTERN_NOT_CONTENT_VERIFIED
https://www.pianochord.org/gminmaj7.html,,https://www.pianochord.org/sitemap.xml,Unclassified,G,7,,XML_MEMBER_URL_PATTERN_NOT_CONTENT_VERIFIED
https://www.pianochord.org/gminmaj9.html,,https://www.pianochord.org/sitemap.xml,Unclassified,G,7,,XML_MEMBER_URL_PATTERN_NOT_CONTENT_VERIFIED
https://www.pianochord.org/gm7-flat-m7b5.html,,https://www.pianochord.org/sitemap.xml,Unclassified,Gb,6,,XML_MEMBER_URL_PATTERN_NOT_CONTENT_VERIFIED
https://www.pianochord.org/gm7-sharp-m7b5.html,,https://www.pianochord.org/sitemap.xml,Unclassified,G#,8,,XML_MEMBER_URL_PATTERN_NOT_CONTENT_VERIFIED
https://www.pianochord.org/gm7-m7b5.html,,https://www.pianochord.org/sitemap.xml,Unclassified,G,7,,XML_MEMBER_URL_PATTERN_NOT_CONTENT_VERIFIED
https://www.pianochord.org/gm9-flat.html,,https://www.pianochord.org/sitemap.xml,Detail candidate,Gb,6,Minor 9,XML_MEMBER_URL_PATTERN_NOT_CONTENT_VERIFIED
https://www.pianochord.org/gm9-sharp.html,,https://www.pianochord.org/sitemap.xml,Detail candidate,G#,8,Minor 9,XML_MEMBER_URL_PATTERN_NOT_CONTENT_VERIFIED
https://www.pianochord.org/gm9.html,,https://www.pianochord.org/sitemap.xml,Detail candidate,G,7,Minor 9,XML_MEMBER_URL_PATTERN_NOT_CONTENT_VERIFIED
https://www.pianochord.org/gm11-flat.html,,https://www.pianochord.org/sitemap.xml,Detail candidate,Gb,6,Minor 11,XML_MEMBER_URL_PATTERN_NOT_CONTENT_VERIFIED
https://www.pianochord.org/gm11-sharp.html,,https://www.pianochord.org/sitemap.xml,Detail candidate,G#,8,Minor 11,XML_MEMBER_URL_PATTERN_NOT_CONTENT_VERIFIED
https://www.pianochord.org/gm11.html,,https://www.pianochord.org/sitemap.xml,Detail candidate,G,7,Minor 11,XML_MEMBER_URL_PATTERN_NOT_CONTENT_VERIFIED
https://www.pianochord.org/gmaj11.html,,https://www.pianochord.org/sitemap.xml,Detail candidate,G,7,Major 11,XML_MEMBER_URL_PATTERN_NOT_CONTENT_VERIFIED
https://www.pianochord.org/gmaj11-flat.html,,https://www.pianochord.org/sitemap.xml,Detail candidate,Gb,6,Major 11,XML_MEMBER_URL_PATTERN_NOT_CONTENT_VERIFIED
https://www.pianochord.org/gmaj11-sharp.html,,https://www.pianochord.org/sitemap.xml,Detail candidate,G#,8,Major 11,XML_MEMBER_URL_PATTERN_NOT_CONTENT_VERIFIED
https://www.pianochord.org/gm13-flat.html,,https://www.pianochord.org/sitemap.xml,Detail candidate,Gb,6,Minor 13,XML_MEMBER_URL_PATTERN_NOT_CONTENT_VERIFIED
https://www.pianochord.org/gm13-sharp.html,,https://www.pianochord.org/sitemap.xml,Detail candidate,G#,8,Minor 13,XML_MEMBER_URL_PATTERN_NOT_CONTENT_VERIFIED
https://www.pianochord.org/gm13.html,,https://www.pianochord.org/sitemap.xml,Detail candidate,G,7,Minor 13,XML_MEMBER_URL_PATTERN_NOT_CONTENT_VERIFIED
https://www.pianochord.org/gmaj13-flat.html,,https://www.pianochord.org/sitemap.xml,Detail candidate,Gb,6,Major 13,XML_MEMBER_URL_PATTERN_NOT_CONTENT_VERIFIED
https://www.pianochord.org/gmaj13-sharp.html,,https://www.pianochord.org/sitemap.xml,Detail candidate,G#,8,Major 13,XML_MEMBER_URL_PATTERN_NOT_CONTENT_VERIFIED
https://www.pianochord.org/gmaj13.html,,https://www.pianochord.org/sitemap.xml,Detail candidate,G,7,Major 13,XML_MEMBER_URL_PATTERN_NOT_CONTENT_VERIFIED
https://www.pianochord.org/gm-add.html,,https://www.pianochord.org/sitemap.xml,Detail candidate,G,7,Minor Add9,XML_MEMBER_URL_PATTERN_NOT_CONTENT_VERIFIED
https://www.pianochord.org/gmaj7-flat.html,,https://www.pianochord.org/sitemap.xml,Detail candidate,Gb,6,Major 7,XML_MEMBER_URL_PATTERN_NOT_CONTENT_VERIFIED
https://www.pianochord.org/gmaj7-sharp.html,,https://www.pianochord.org/sitemap.xml,Detail candidate,G#,8,Major 7,XML_MEMBER_URL_PATTERN_NOT_CONTENT_VERIFIED
https://www.pianochord.org/gmaj7.html,,https://www.pianochord.org/sitemap.xml,Detail candidate,G,7,Major 7,XML_MEMBER_URL_PATTERN_NOT_CONTENT_VERIFIED
https://www.pianochord.org/gmaj9-flat.html,,https://www.pianochord.org/sitemap.xml,Detail candidate,Gb,6,Major 9,XML_MEMBER_URL_PATTERN_NOT_CONTENT_VERIFIED
https://www.pianochord.org/gmaj9-sharp.html,,https://www.pianochord.org/sitemap.xml,Detail candidate,G#,8,Major 9,XML_MEMBER_URL_PATTERN_NOT_CONTENT_VERIFIED
https://www.pianochord.org/gmaj9.html,,https://www.pianochord.org/sitemap.xml,Detail candidate,G,7,Major 9,XML_MEMBER_URL_PATTERN_NOT_CONTENT_VERIFIED
https://www.pianochord.org/a-flat-m7b5.html,,https://www.pianochord.org/sitemap.xml,Detail candidate,Ab,8,Half-diminished 7,XML_MEMBER_URL_PATTERN_NOT_CONTENT_VERIFIED
https://www.pianochord.org/am7b5.html,,https://www.pianochord.org/sitemap.xml,Detail candidate,A,9,Half-diminished 7,XML_MEMBER_URL_PATTERN_NOT_CONTENT_VERIFIED
https://www.pianochord.org/a-sharp-m7b5.html,,https://www.pianochord.org/sitemap.xml,Detail candidate,A#,10,Half-diminished 7,XML_MEMBER_URL_PATTERN_NOT_CONTENT_VERIFIED
https://www.pianochord.org/b-flat-m7b5.html,,https://www.pianochord.org/sitemap.xml,Detail candidate,Bb,10,Half-diminished 7,XML_MEMBER_URL_PATTERN_NOT_CONTENT_VERIFIED
https://www.pianochord.org/bm7b5.html,,https://www.pianochord.org/sitemap.xml,Detail candidate,B,11,Half-diminished 7,XML_MEMBER_URL_PATTERN_NOT_CONTENT_VERIFIED
https://www.pianochord.org/cm7b5.html,,https://www.pianochord.org/sitemap.xml,Detail candidate,C,0,Half-diminished 7,XML_MEMBER_URL_PATTERN_NOT_CONTENT_VERIFIED
https://www.pianochord.org/c-sharp-m7b5.html,,https://www.pianochord.org/sitemap.xml,Detail candidate,C#,1,Half-diminished 7,XML_MEMBER_URL_PATTERN_NOT_CONTENT_VERIFIED
https://www.pianochord.org/d-flat-m7b5.html,,https://www.pianochord.org/sitemap.xml,Detail candidate,Db,1,Half-diminished 7,XML_MEMBER_URL_PATTERN_NOT_CONTENT_VERIFIED
https://www.pianochord.org/dm7b5.html,,https://www.pianochord.org/sitemap.xml,Detail candidate,D,2,Half-diminished 7,XML_MEMBER_URL_PATTERN_NOT_CONTENT_VERIFIED
https://www.pianochord.org/d-sharp-m7b5.html,,https://www.pianochord.org/sitemap.xml,Detail candidate,D#,3,Half-diminished 7,XML_MEMBER_URL_PATTERN_NOT_CONTENT_VERIFIED
https://www.pianochord.org/e-flat-m7b5.html,,https://www.pianochord.org/sitemap.xml,Detail candidate,Eb,3,Half-diminished 7,XML_MEMBER_URL_PATTERN_NOT_CONTENT_VERIFIED
https://www.pianochord.org/em7b5.html,,https://www.pianochord.org/sitemap.xml,Detail candidate,E,4,Half-diminished 7,XML_MEMBER_URL_PATTERN_NOT_CONTENT_VERIFIED
https://www.pianochord.org/fm7b5.html,,https://www.pianochord.org/sitemap.xml,Detail candidate,F,5,Half-diminished 7,XML_MEMBER_URL_PATTERN_NOT_CONTENT_VERIFIED
https://www.pianochord.org/f-sharp-m7b5.html,,https://www.pianochord.org/sitemap.xml,Detail candidate,F#,6,Half-diminished 7,XML_MEMBER_URL_PATTERN_NOT_CONTENT_VERIFIED
https://www.pianochord.org/g-flat-m7b5.html,,https://www.pianochord.org/sitemap.xml,Detail candidate,Gb,6,Half-diminished 7,XML_MEMBER_URL_PATTERN_NOT_CONTENT_VERIFIED
https://www.pianochord.org/gm7b5.html,,https://www.pianochord.org/sitemap.xml,Detail candidate,G,7,Half-diminished 7,XML_MEMBER_URL_PATTERN_NOT_CONTENT_VERIFIED
https://www.pianochord.org/g-sharp-m7b5.html,,https://www.pianochord.org/sitemap.xml,Detail candidate,G#,8,Half-diminished 7,XML_MEMBER_URL_PATTERN_NOT_CONTENT_VERIFIED
https://www.pianochord.org/c7plusmaj9.html,,https://www.pianochord.org/sitemap.xml,Unclassified,C,0,,XML_MEMBER_URL_PATTERN_NOT_CONTENT_VERIFIED
https://www.pianochord.org/c-sharp-7plusmaj9.html,,https://www.pianochord.org/sitemap.xml,Unclassified,C#,1,,XML_MEMBER_URL_PATTERN_NOT_CONTENT_VERIFIED
https://www.pianochord.org/d-flat-7plusmaj9.html,,https://www.pianochord.org/sitemap.xml,Unclassified,Db,1,,XML_MEMBER_URL_PATTERN_NOT_CONTENT_VERIFIED
https://www.pianochord.org/d7plusmaj9.html,,https://www.pianochord.org/sitemap.xml,Unclassified,D,2,,XML_MEMBER_URL_PATTERN_NOT_CONTENT_VERIFIED
https://www.pianochord.org/d-sharp-7plusmaj9.html,,https://www.pianochord.org/sitemap.xml,Unclassified,D#,3,,XML_MEMBER_URL_PATTERN_NOT_CONTENT_VERIFIED
https://www.pianochord.org/e-flat-7plusmaj9.html,,https://www.pianochord.org/sitemap.xml,Unclassified,Eb,3,,XML_MEMBER_URL_PATTERN_NOT_CONTENT_VERIFIED
https://www.pianochord.org/e7plusmaj9.html,,https://www.pianochord.org/sitemap.xml,Unclassified,E,4,,XML_MEMBER_URL_PATTERN_NOT_CONTENT_VERIFIED
https://www.pianochord.org/f7plusmaj9.html,,https://www.pianochord.org/sitemap.xml,Unclassified,F,5,,XML_MEMBER_URL_PATTERN_NOT_CONTENT_VERIFIED
https://www.pianochord.org/f-sharp-7plusmaj9.html,,https://www.pianochord.org/sitemap.xml,Unclassified,F#,6,,XML_MEMBER_URL_PATTERN_NOT_CONTENT_VERIFIED
https://www.pianochord.org/g-flat-7plusmaj9.html,,https://www.pianochord.org/sitemap.xml,Unclassified,Gb,6,,XML_MEMBER_URL_PATTERN_NOT_CONTENT_VERIFIED
https://www.pianochord.org/g7plusmaj9.html,,https://www.pianochord.org/sitemap.xml,Unclassified,G,7,,XML_MEMBER_URL_PATTERN_NOT_CONTENT_VERIFIED
https://www.pianochord.org/g-sharp-7plusmaj9.html,,https://www.pianochord.org/sitemap.xml,Unclassified,G#,8,,XML_MEMBER_URL_PATTERN_NOT_CONTENT_VERIFIED
https://www.pianochord.org/a-flat-7plusmaj9.html,,https://www.pianochord.org/sitemap.xml,Unclassified,Ab,8,,XML_MEMBER_URL_PATTERN_NOT_CONTENT_VERIFIED
https://www.pianochord.org/a7plusmaj9.html,,https://www.pianochord.org/sitemap.xml,Unclassified,A,9,,XML_MEMBER_URL_PATTERN_NOT_CONTENT_VERIFIED
https://www.pianochord.org/a-sharp-7plusmaj9.html,,https://www.pianochord.org/sitemap.xml,Unclassified,A#,10,,XML_MEMBER_URL_PATTERN_NOT_CONTENT_VERIFIED
https://www.pianochord.org/b-flat-7plusmaj9.html,,https://www.pianochord.org/sitemap.xml,Unclassified,Bb,10,,XML_MEMBER_URL_PATTERN_NOT_CONTENT_VERIFIED
https://www.pianochord.org/b7plusmaj9.html,,https://www.pianochord.org/sitemap.xml,Unclassified,B,11,,XML_MEMBER_URL_PATTERN_NOT_CONTENT_VERIFIED
https://www.pianochord.org/play-classical-music.html,,https://www.pianochord.org/sitemap.xml,Unclassified,,,,XML_MEMBER_URL_PATTERN_NOT_CONTENT_VERIFIED
https://www.pianochord.org/ebooks.html,,https://www.pianochord.org/sitemap.xml,Unclassified,E,4,,XML_MEMBER_URL_PATTERN_NOT_CONTENT_VERIFIED
